task_id,init_state_id,baseline_initial_eef_max_abs_diff,up_10_initial_eef_max_abs_diff,up_10_first_raw_action_l2_from_baseline,up_10_mean_raw_action_l2_from_baseline,up_10_max_raw_action_l2_from_baseline,up_10_num_differing_raw_actions,up_10_num_matched_action_steps,up_10_first_differing_action_step,random_10_initial_eef_max_abs_diff,random_10_first_raw_action_l2_from_baseline,random_10_mean_raw_action_l2_from_baseline,random_10_max_raw_action_l2_from_baseline,random_10_num_differing_raw_actions,random_10_num_matched_action_steps,random_10_first_differing_action_step,up_10_all_selected_layers_fired,random_10_all_selected_layers_fired
0,0,0.0,0.0,0.08903915904182277,0.6643844701785628,1.738721332180204,307,307,0,0.0,0.0,0.30735443966781956,1.8212013455054064,304,307,2,True,True
1,0,0.0,0.0,0.29986416495816637,0.6230687829717495,1.9494260237444483,247,251,0,0.0,0.010105220407108206,0.7097889709181763,1.9668252654438632,237,237,0,True,True
2,0,0.0,0.0,0.024343016107795098,0.4125087714756019,1.3527750625572523,251,252,0,0.0,0.2618669146345522,0.3482414701887437,1.8148867012325385,406,520,0,True,True
3,0,0.0,0.0,0.04997753891630393,0.4284247327295923,1.5225512895743203,228,234,0,0.0,0.0,0.40209699561769696,1.3285574400582731,224,234,5,True,True
4,0,0.0,0.0,0.0,0.521089552391983,1.664232603425944,519,520,1,0.0,0.0,0.8342487924964689,1.8656716830192466,227,228,1,True,True
5,0,0.0,0.0,0.019405188723605,0.2733753691545301,1.0421964083261337,164,166,0,0.0,0.12214757593932425,0.18564594779384022,1.0136563773316876,175,175,0,True,True
6,0,0.0,0.0,0.0,0.5678113577672662,1.6092473399995182,214,217,3,0.0,0.0,0.4993296537786224,1.6069838542483064,300,304,4,True,True
7,0,0.0,0.0,0.0,0.9106816571527018,2.0449342269597004,252,258,1,0.0,0.0,0.6195437524459559,2.0533006539487184,268,273,1,True,True
8,0,0.0,0.0,0.08527702723573152,0.6306790749363322,1.5336741587004348,449,453,0,0.0,0.03992857138315836,0.7833051340024834,1.7224716573287668,516,520,0,True,True
9,0,0.0,0.0,0.2491836942262716,0.8180575277149583,1.5122227196907707,518,520,0,0.0,0.2724655344243588,0.6088989779432719,1.4291043721948626,290,291,0,True,True
