task_id,init_state_id,task,condition,success,action_steps,mean_step_delta_x,mean_step_delta_y,mean_step_delta_z,net_delta_y,path_length
0,0,put both the alphabet soup and the tomato sauce in the basket,baseline,1,307,-1.0782903968260848e-06,0.0009231632171340102,-0.0002725264132817527,0.28341110766014116,1.8715453333335792
0,0,put both the alphabet soup and the tomato sauce in the basket,up_10,0,520,-7.003155648611123e-05,-0.00041448345789467204,-0.00023530301664373955,-0.21553139810522945,0.7980101567512569
0,0,put both the alphabet soup and the tomato sauce in the basket,random_10,1,313,9.7947118935876e-05,0.0009624885851715767,-0.0002964839288787574,0.30125892715870356,1.956081547051111
1,0,put both the cream cheese box and the butter in the basket,baseline,1,251,0.00020262474457426383,0.0010919421371892038,-0.00031427410175123067,0.27407747643449004,1.9999878273766625
1,0,put both the cream cheese box and the butter in the basket,up_10,1,325,0.0002084460407665317,0.000738398494875483,-0.00022338656980885047,0.23997951083453206,1.9400703184387185
1,0,put both the cream cheese box and the butter in the basket,random_10,1,237,0.00032952628902397605,0.0011993844710097565,-0.00022694987929430143,0.2842541196293122,1.9258335322288933
2,0,turn on the stove and put the moka pot on it,baseline,0,520,0.0005945846817388465,-1.657251357222758e-05,-0.00013088021997358668,-0.008617707057558342,1.4734049684753519
2,0,turn on the stove and put the moka pot on it,up_10,1,252,0.0006672947642877363,0.00048351493251983733,-0.0005431877673405594,0.12184576299499907,1.4571576007336486
2,0,turn on the stove and put the moka pot on it,random_10,0,520,0.000501419027360496,-9.893065817105466e-05,-0.000216268795417746,-0.05144394224894841,1.0918277943528518
3,0,put the black bowl in the bottom drawer of the cabinet and close it,baseline,1,234,0.0010451502246508287,0.000931057987654607,-0.000917918805950974,0.21786756911117802,1.3489292856991695
3,0,put the black bowl in the bottom drawer of the cabinet and close it,up_10,0,520,0.0005456462893507196,0.00031938442153479587,-0.0004481568562916538,0.16607989919809377,1.3778849051712305
3,0,put the black bowl in the bottom drawer of the cabinet and close it,random_10,0,520,0.0006444631158596964,0.00044365261547702964,-0.0003452661836473813,0.23069936004805544,1.6381119152520718
4,0,put the white mug on the left plate and put the yellow and white mug on the right plate,baseline,0,520,-3.683664163922444e-05,0.0006266749772365555,-0.0004305720636371587,0.3258709881630088,1.5537112080110544
4,0,put the white mug on the left plate and put the yellow and white mug on the right plate,up_10,0,520,0.0002898012209692853,0.000625965138150341,-0.00018054026068918026,0.32550187183817725,1.6379628499332946
4,0,put the white mug on the left plate and put the yellow and white mug on the right plate,random_10,1,228,0.0003059934975005235,0.0015723780085276245,-0.0006521312421979607,0.3585021859442984,1.5016965055067582
5,0,pick up the book and place it in the back compartment of the caddy,baseline,1,208,-0.0004257907687230776,-0.0009285249617381915,-0.00020601860321696475,-0.1931331920415439,1.1486808279950989
5,0,pick up the book and place it in the back compartment of the caddy,up_10,1,166,-0.000654663200999815,-0.001110957540920268,-0.00026647798828202776,-0.18441895179276452,1.0420621780228214
5,0,pick up the book and place it in the back compartment of the caddy,random_10,1,175,-0.0005172828152247717,-0.0009286144479783342,-0.00026104197179581363,-0.16250752839620847,1.032207474171809
6,0,put the white mug on the plate and put the chocolate pudding to the right of the plate,baseline,1,304,0.0004196992142549345,0.0004387124822523572,-0.0008032957990210807,0.13336859460471662,1.4682365064202298
6,0,put the white mug on the plate and put the chocolate pudding to the right of the plate,up_10,1,217,0.0005403695753548955,0.0006712663990163978,-0.0010462882599218308,0.1456648085865583,1.2454470344335022
6,0,put the white mug on the plate and put the chocolate pudding to the right of the plate,random_10,0,520,-7.260428908837501e-05,0.0002600067856322492,-0.00047995006954023163,0.13520352852876963,1.1234497578257037
7,0,put both the alphabet soup and the cream cheese box in the basket,baseline,1,273,0.00028741207198953864,0.0008928939987050619,-2.536726003989071e-05,0.24376006164648187,1.8637082611058233
7,0,put both the alphabet soup and the cream cheese box in the basket,up_10,1,258,0.0002961149168731983,0.0010112151415479374,-0.000270954997058631,0.2608935065193679,1.9176678587916829
7,0,put both the alphabet soup and the cream cheese box in the basket,random_10,1,296,0.0003213883118770188,0.0008631739089320793,-0.0001404830715333744,0.25549947704389553,1.8892294326803722
8,0,put both moka pots on the stove,baseline,0,520,0.00018696218868996826,0.0004870732971251479,-0.00032157555397910065,0.253278114505077,1.8473780812235967
8,0,put both moka pots on the stove,up_10,1,453,0.0005386555122969001,-0.0004521660915891662,-0.00029462395327517905,-0.20483123948989237,2.195656924637246
8,0,put both moka pots on the stove,random_10,0,520,0.00027105658813385037,0.0004273080825301995,-0.0002574908538773342,0.22220020291570375,1.8211743163763343
9,0,put the yellow and white mug in the microwave and close it,baseline,0,520,0.0003032916246735022,0.0002118233561025213,-0.0002899449609466971,0.11014814517331108,0.749573127251213
9,0,put the yellow and white mug in the microwave and close it,up_10,0,520,0.00042604732965452095,-7.86435180865299e-05,-0.0003301335954444984,-0.04089462940499554,0.48739328121875974
9,0,put the yellow and white mug in the microwave and close it,random_10,1,291,0.00034317826499111697,0.0007485307283808747,-0.00027664568539697854,0.21782244195883446,1.457237878912331
