task_id,task,up_minus_baseline_mean_step_delta_y,up_minus_random_mean_step_delta_y,up_minus_baseline_path_length,up_minus_random_path_length
0,put both the alphabet soup and the tomato sauce in the basket,-0.0013376466750286823,-0.0013769720430662487,-1.0735351765823222,-1.1580713902998543
1,put both the cream cheese box and the butter in the basket,-0.0003535436423137209,-0.0004609859761342736,-0.05991750893794401,0.014236786209825159
2,turn on the stove and put the moka pot on it,0.000500087446092065,0.000582445590690892,-0.01624736774170321,0.3653298063807968
3,put the black bowl in the bottom drawer of the cabinet and close it,-0.000611673566119811,-0.00012426819394223377,0.028955619472061045,-0.26022701008084126
4,put the white mug on the left plate and put the yellow and white mug on the right plate,-7.098390862144604e-07,-0.0009464128703772835,0.0842516419222401,0.1362663444265364
5,pick up the book and place it in the back compartment of the caddy,-0.0001824325791820766,-0.00018234309294193384,-0.10661864997227744,0.009854703851012392
6,put the white mug on the plate and put the chocolate pudding to the right of the plate,0.00023255391676404064,0.0004112596133841486,-0.2227894719867276,0.12199727660779858
7,put both the alphabet soup and the cream cheese box in the basket,0.00011832114284287556,0.00014804123261585812,0.05395959768585956,0.028438426111310644
8,put both moka pots on the stove,-0.0009392393887143141,-0.0008794741741193657,0.34827884341364923,0.3744826082609116
9,put the yellow and white mug in the microwave and close it,-0.0002904668741890512,-0.0008271742464674046,-0.2621798460324532,-0.9698445976935712
