split,layer,alpha,metric,mean,median,q05,q95
train,0,0.0,action_recovery,0.0,0.0,0.0,0.0
train,0,0.0,cosine_to_natural_prompt_delta,0.0,0.0,0.0,0.0
train,0,0.0,effect_norm_ratio,0.0,0.0,0.0,0.0
train,0,0.0,orthogonal_distortion_ratio,0.0,0.0,0.0,0.0
train,0,0.0,normalized_source_error,1.0,1.0,1.0,1.0
train,0,0.25,action_recovery,0.0012155226431787014,0.0005340831121429801,-0.003629983623977751,0.007777245133183897
train,0,0.25,cosine_to_natural_prompt_delta,0.01930457353591919,0.01913394406437874,-0.09832112602889538,0.14104942157864575
train,0,0.25,effect_norm_ratio,0.04192033037543297,0.03610333800315857,0.00902516241185367,0.0993448380380869
train,0,0.25,orthogonal_distortion_ratio,0.04178832098841667,0.03602053225040436,0.00897570145316422,0.09881460927426815
train,0,0.25,normalized_source_error,1.00003981590271,1.0000604391098022,0.9945284068584442,1.0053137004375459
train,0,0.5,action_recovery,0.0017140242271125317,0.0010569721926003695,-0.003592842444777489,0.008777723088860514
train,0,0.5,cosine_to_natural_prompt_delta,0.02865429036319256,0.029034875333309174,-0.09272134900093079,0.1379767119884491
train,0,0.5,effect_norm_ratio,0.04821068048477173,0.042883940041065216,0.011351269669830799,0.10510723777115345
train,0,0.5,orthogonal_distortion_ratio,0.048066578805446625,0.04275336489081383,0.011316561046987772,0.10487668514251709
train,0,0.5,normalized_source_error,0.9998671412467957,0.9998540878295898,0.994321084022522,1.0058473348617554
train,0,0.75,action_recovery,0.002163571072742343,0.001263812417164445,-0.0036396557814441623,0.01083201845176518
train,0,0.75,cosine_to_natural_prompt_delta,0.031332165002822876,0.03254646435379982,-0.08708634451031685,0.14935331270098687
train,0,0.75,effect_norm_ratio,0.05259993299841881,0.046793416142463684,0.012339655496180057,0.10976453050971033
train,0,0.75,orthogonal_distortion_ratio,0.05242696404457092,0.04659264534711838,0.012293053139001132,0.1086031172424555
train,0,0.75,normalized_source_error,0.9996973872184753,0.9997973442077637,0.9932775110006332,1.0060623586177826
train,0,1.0,action_recovery,0.0023489545565098524,0.0013763161841779947,-0.003608942800201476,0.011268947273492815
train,0,1.0,cosine_to_natural_prompt_delta,0.03343337029218674,0.03601797670125961,-0.08183945342898369,0.14992015957832341
train,0,1.0,effect_norm_ratio,0.05377090349793434,0.04720016568899155,0.012421648204326629,0.11358052566647531
train,0,1.0,orthogonal_distortion_ratio,0.05357872694730759,0.04702703654766083,0.012418262986466288,0.11311302445828915
train,0,1.0,normalized_source_error,0.9996122121810913,0.999701976776123,0.9930035054683686,1.0059954285621644
train,5,0.0,action_recovery,0.0,0.0,0.0,0.0
train,5,0.0,cosine_to_natural_prompt_delta,0.0,0.0,0.0,0.0
train,5,0.0,effect_norm_ratio,0.0,0.0,0.0,0.0
train,5,0.0,orthogonal_distortion_ratio,0.0,0.0,0.0,0.0
train,5,0.0,normalized_source_error,1.0,1.0,1.0,1.0
train,5,0.25,action_recovery,0.0018324943957850337,0.0010724302846938372,-0.003581060783471912,0.009242338873445994
train,5,0.25,cosine_to_natural_prompt_delta,0.03836248815059662,0.03956020995974541,-0.10186728723347187,0.17504227906465533
train,5,0.25,effect_norm_ratio,0.04253442957997322,0.03643595054745674,0.009356205724179743,0.09811381548643112
train,5,0.25,orthogonal_distortion_ratio,0.04235238581895828,0.03638235107064247,0.009193871216848493,0.09759904704988005
train,5,0.25,normalized_source_error,0.9994527101516724,0.9995312094688416,0.9932676821947097,1.0055348575115204
train,5,0.5,action_recovery,0.004222752060741186,0.0028117201291024685,-0.004044453729875386,0.01683160094544292
train,5,0.5,cosine_to_natural_prompt_delta,0.06400834023952484,0.06284143030643463,-0.08673050478100777,0.20554128885269166
train,5,0.5,effect_norm_ratio,0.05918936803936958,0.05318479984998703,0.014270792156457901,0.12370141074061396
train,5,0.5,orthogonal_distortion_ratio,0.05881219729781151,0.052768856287002563,0.014066164707764983,0.12305286675691605
train,5,0.5,normalized_source_error,0.9980945587158203,0.9986879825592041,0.9886508107185363,1.0065164148807526
train,5,0.75,action_recovery,0.006433581002056599,0.004532056860625744,-0.004126176121644676,0.022676184121519335
train,5,0.75,cosine_to_natural_prompt_delta,0.08128242194652557,0.08194644004106522,-0.08365869410336017,0.23477901741862298
train,5,0.75,effect_norm_ratio,0.07297857850790024,0.06561388075351715,0.017816401179879905,0.14897109493613245
train,5,0.75,orthogonal_distortion_ratio,0.07237126678228378,0.06542889773845673,0.017480528075248004,0.14797966703772547
train,5,0.75,normalized_source_error,0.9970370531082153,0.997734010219574,0.9844638228416442,1.007884865999222
train,5,1.0,action_recovery,0.00717326020821929,0.004875800106674433,-0.005061771324835718,0.02614825619384647
train,5,1.0,cosine_to_natural_prompt_delta,0.08617503941059113,0.08279365301132202,-0.089929673448205,0.2611565619707108
train,5,1.0,effect_norm_ratio,0.07758422195911407,0.06990925967693329,0.019542528409510852,0.15947056338191032
train,5,1.0,orthogonal_distortion_ratio,0.07683371752500534,0.0694887638092041,0.019240681547671556,0.1582140363752842
train,5,1.0,normalized_source_error,0.9967281222343445,0.9975075721740723,0.9816466063261032,1.009312891960144
train,9,0.0,action_recovery,0.0,0.0,0.0,0.0
train,9,0.0,cosine_to_natural_prompt_delta,0.0,0.0,0.0,0.0
train,9,0.0,effect_norm_ratio,0.0,0.0,0.0,0.0
train,9,0.0,orthogonal_distortion_ratio,0.0,0.0,0.0,0.0
train,9,0.0,normalized_source_error,1.0,1.0,1.0,1.0
train,9,0.25,action_recovery,0.013756297528743744,0.009986837394535542,-0.0018304063298273832,0.04097190145403148
train,9,0.25,cosine_to_natural_prompt_delta,0.22483159601688385,0.19129016995429993,-0.03525652661919594,0.5895364254713059
train,9,0.25,effect_norm_ratio,0.06341803073883057,0.05902921408414841,0.01977462749928236,0.12474438287317753
train,9,0.25,orthogonal_distortion_ratio,0.0605236254632473,0.05566320940852165,0.017494195140898228,0.12117266207933435
train,9,0.25,normalized_source_error,0.9886420369148254,0.991826057434082,0.9636697441339492,1.0038394808769227
train,9,0.5,action_recovery,0.029008416458964348,0.021548110991716385,-0.0006743232370354236,0.08021586537361149
train,9,0.5,cosine_to_natural_prompt_delta,0.2945139408111572,0.2656407952308655,-0.01455285078845919,0.6859823524951935
train,9,0.5,effect_norm_ratio,0.09622182697057724,0.09059246629476547,0.032474948465824126,0.18124113678932194
train,9,0.5,orthogonal_distortion_ratio,0.08875346928834915,0.08252109587192535,0.027515466324985027,0.16961923390626907
train,9,0.5,normalized_source_error,0.9761189222335815,0.9827120900154114,0.9281351685523986,1.0040841341018676
train,9,0.75,action_recovery,0.044017791748046875,0.03230386972427368,-0.0006326651491690436,0.11987989321351053
train,9,0.75,cosine_to_natural_prompt_delta,0.3350479006767273,0.3108251392841339,-0.006163094681687655,0.7310024410486222
train,9,0.75,effect_norm_ratio,0.12532110512256622,0.1165541484951973,0.04392283298075199,0.23561153262853624
train,9,0.75,orthogonal_distortion_ratio,0.11268282681703568,0.10572236031293869,0.03578490447252989,0.21156974956393243
train,9,0.75,normalized_source_error,0.9643739461898804,0.9740310907363892,0.8935572594404221,1.006689327955246
train,9,1.0,action_recovery,0.056231673806905746,0.041451431810855865,-0.00048305323580279986,0.15689284279942523
train,9,1.0,cosine_to_natural_prompt_delta,0.35573863983154297,0.33847343921661377,-0.0029882804141379902,0.7572912245988846
train,9,1.0,effect_norm_ratio,0.14857101440429688,0.1369028091430664,0.050522047095000744,0.28070469647645957
train,9,1.0,orthogonal_distortion_ratio,0.13117775321006775,0.12248478084802628,0.04364493973553181,0.2504532873630524
train,9,1.0,normalized_source_error,0.9554687738418579,0.9676333069801331,0.8622960209846496,1.0083821952342988
train,13,0.0,action_recovery,0.0,0.0,0.0,0.0
train,13,0.0,cosine_to_natural_prompt_delta,0.0,0.0,0.0,0.0
train,13,0.0,effect_norm_ratio,0.0,0.0,0.0,0.0
train,13,0.0,orthogonal_distortion_ratio,0.0,0.0,0.0,0.0
train,13,0.0,normalized_source_error,1.0,1.0,1.0,1.0
train,13,0.25,action_recovery,0.04880792647600174,0.041215553879737854,0.013718480058014392,0.11085299067199231
train,13,0.25,cosine_to_natural_prompt_delta,0.5092464685440063,0.517603874206543,0.1806429460644722,0.8227330774068833
train,13,0.25,effect_norm_ratio,0.09550467133522034,0.0897437334060669,0.040678552351891994,0.17145870327949525
train,13,0.25,orthogonal_distortion_ratio,0.07848548144102097,0.07281032204627991,0.03174764607101679,0.14432989805936813
train,13,0.25,normalized_source_error,0.9551405906677246,0.9623489379882812,0.8953061163425445,0.989328283071518
train,13,0.5,action_recovery,0.10039932280778885,0.08660608530044556,0.030422319285571577,0.22465192303061493
train,13,0.5,cosine_to_natural_prompt_delta,0.5967320799827576,0.6210339069366455,0.2716007143259048,0.8618600070476532
train,13,0.5,effect_norm_ratio,0.16458596289157867,0.15607690811157227,0.07380892783403396,0.29444052129983905
train,13,0.5,orthogonal_distortion_ratio,0.12377624958753586,0.11658409237861633,0.05301254782825708,0.22155399322509767
train,13,0.5,normalized_source_error,0.9099703431129456,0.9231133460998535,0.7981683552265167,0.975473353266716
train,13,0.75,action_recovery,0.15211285650730133,0.132232204079628,0.04601815063506365,0.3386545598506928
train,13,0.75,cosine_to_natural_prompt_delta,0.6383236646652222,0.6704953908920288,0.3109526827931404,0.8856409132480622
train,13,0.75,effect_norm_ratio,0.23231901228427887,0.2223571091890335,0.10188412293791771,0.4234871685504914
train,13,0.75,orthogonal_distortion_ratio,0.16600342094898224,0.15598633885383606,0.06997807733714581,0.29382799267768867
train,13,0.75,normalized_source_error,0.8679409027099609,0.8857632875442505,0.7013836562633514,0.964606550335884
train,13,1.0,action_recovery,0.20024140179157257,0.17290151119232178,0.06128686238080263,0.45314126908779145
train,13,1.0,cosine_to_natural_prompt_delta,0.661122739315033,0.696058988571167,0.3425814688205719,0.9008936077356339
train,13,1.0,effect_norm_ratio,0.29476475715637207,0.28195109963417053,0.12867912352085115,0.5442902117967606
train,13,1.0,orthogonal_distortion_ratio,0.2035641223192215,0.18996235728263855,0.08516047038137912,0.3639002874493599
train,13,1.0,normalized_source_error,0.8324039578437805,0.8542318344116211,0.6231605857610703,0.9549739122390747
train,17,0.0,action_recovery,0.0,0.0,0.0,0.0
train,17,0.0,cosine_to_natural_prompt_delta,0.0,0.0,0.0,0.0
train,17,0.0,effect_norm_ratio,0.0,0.0,0.0,0.0
train,17,0.0,orthogonal_distortion_ratio,0.0,0.0,0.0,0.0
train,17,0.0,normalized_source_error,1.0,1.0,1.0,1.0
train,17,0.25,action_recovery,0.2455032765865326,0.2464451938867569,0.23562807738780975,0.2524671971797943
train,17,0.25,cosine_to_natural_prompt_delta,0.9720243215560913,0.9788414239883423,0.924945268034935,0.9938769668340683
train,17,0.25,effect_norm_ratio,0.2526651918888092,0.2516040802001953,0.24562714397907257,0.2623523399233818
train,17,0.25,orthogonal_distortion_ratio,0.05528011918067932,0.05139712616801262,0.027741336822509767,0.09845878370106222
train,17,0.25,normalized_source_error,0.7568538188934326,0.7551968097686768,0.7494229912757874,0.7696094691753388
train,17,0.5,action_recovery,0.5001757740974426,0.5002730488777161,0.4912080615758896,0.5087581157684327
train,17,0.5,cosine_to_natural_prompt_delta,0.9876648187637329,0.9909298419952393,0.9666699677705765,0.9970533788204193
train,17,0.5,effect_norm_ratio,0.5064796209335327,0.5049071311950684,0.49788579195737837,0.5203059703111649
train,17,0.5,orthogonal_distortion_ratio,0.07405294477939606,0.06790061295032501,0.038367153517901896,0.13211671337485317
train,17,0.5,normalized_source_error,0.5061297416687012,0.5042645931243896,0.4969707950949669,0.5209536492824555
train,17,0.75,action_recovery,0.7548444271087646,0.753884494304657,0.7475522488355637,0.7645380765199661
train,17,0.75,cosine_to_natural_prompt_delta,0.9967013001441956,0.9976327419281006,0.9908951640129089,0.9992601782083511
train,17,0.75,effect_norm_ratio,0.7573584318161011,0.755821704864502,0.7494337648153305,0.7693050801753998
train,17,0.75,orthogonal_distortion_ratio,0.056952908635139465,0.05200555548071861,0.028873293474316598,0.10339875593781472
train,17,0.75,normalized_source_error,0.2528027594089508,0.2515193819999695,0.2454443283379078,0.26431081146001817
train,17,1.0,action_recovery,0.9999940395355225,0.999997615814209,0.9998962342739105,1.000086522102356
train,17,1.0,cosine_to_natural_prompt_delta,0.999999463558197,0.9999999403953552,0.999998152256012,1.0
train,17,1.0,effect_norm_ratio,0.9999945759773254,0.9999980926513672,0.99989632666111,1.0000870764255523
train,17,1.0,orthogonal_distortion_ratio,0.0005838314536958933,0.00036033301148563623,0.0002523861883673817,0.00192061794223264
train,17,1.0,normalized_source_error,0.0005875540082342923,0.0003637067857198417,0.0002550102290115319,0.0019225908210501086
valid,0,0.0,action_recovery,0.0,0.0,0.0,0.0
valid,0,0.0,cosine_to_natural_prompt_delta,0.0,0.0,0.0,0.0
valid,0,0.0,effect_norm_ratio,0.0,0.0,0.0,0.0
valid,0,0.0,orthogonal_distortion_ratio,0.0,0.0,0.0,0.0
valid,0,0.0,normalized_source_error,1.0,1.0,1.0,1.0
valid,0,0.25,action_recovery,0.0009419646812602878,0.0004318288411013782,-0.0035379716660827397,0.007884799223393201
valid,0,0.25,cosine_to_natural_prompt_delta,0.015903567895293236,0.01693265326321125,-0.10892838463187218,0.14663455039262766
valid,0,0.25,effect_norm_ratio,0.03605075553059578,0.02871399000287056,0.007184082455933096,0.08165846094489092
valid,0,0.25,orthogonal_distortion_ratio,0.03591711074113846,0.028710564598441124,0.007145705353468658,0.08152445703744883
valid,0,0.25,normalized_source_error,1.0000756978988647,1.0001039505004883,0.9944629669189453,1.0051857352256774
valid,0,0.5,action_recovery,0.0017095057992264628,0.0010317321866750717,-0.003451073984615505,0.007802460156381121
valid,0,0.5,cosine_to_natural_prompt_delta,0.03127550706267357,0.02985881082713604,-0.08676539584994315,0.1304491803050041
valid,0,0.5,effect_norm_ratio,0.04409494996070862,0.03815338388085365,0.0109216152690351,0.10493293479084945
valid,0,0.5,orthogonal_distortion_ratio,0.04396549612283707,0.03814946115016937,0.010839559137821198,0.10259925201535205
valid,0,0.5,normalized_source_error,0.9997115135192871,0.9997673630714417,0.9953284740447998,1.0048112988471984
valid,0,0.75,action_recovery,0.0019057258032262325,0.0009893854148685932,-0.0033849860075861214,0.011623032949864862
valid,0,0.75,cosine_to_natural_prompt_delta,0.03151591867208481,0.03326310217380524,-0.07944531738758087,0.15406749397516248
valid,0,0.75,effect_norm_ratio,0.04725741222500801,0.04103916883468628,0.011255925428122284,0.10663768872618666
valid,0,0.75,orthogonal_distortion_ratio,0.04709966853260994,0.0407547801733017,0.011255679186433555,0.10659220069646826
valid,0,0.75,normalized_source_error,0.9997461438179016,0.9998031258583069,0.9921153724193573,1.006289505958557
valid,0,1.0,action_recovery,0.002126402221620083,0.0009916276903823018,-0.0029977243626490234,0.010398547817021602
valid,0,1.0,cosine_to_natural_prompt_delta,0.03246548771858215,0.028877373784780502,-0.08011137321591377,0.151165448129177
valid,0,1.0,effect_norm_ratio,0.049973517656326294,0.04256591200828552,0.012037450447678568,0.10774150490760803
valid,0,1.0,orthogonal_distortion_ratio,0.049805592745542526,0.042447928339242935,0.012033111136406661,0.10708392113447188
valid,0,1.0,normalized_source_error,0.9997038841247559,0.9997714757919312,0.9935956358909607,1.0062365889549256
valid,5,0.0,action_recovery,0.0,0.0,0.0,0.0
valid,5,0.0,cosine_to_natural_prompt_delta,0.0,0.0,0.0,0.0
valid,5,0.0,effect_norm_ratio,0.0,0.0,0.0,0.0
valid,5,0.0,orthogonal_distortion_ratio,0.0,0.0,0.0,0.0
valid,5,0.0,normalized_source_error,1.0,1.0,1.0,1.0
valid,5,0.25,action_recovery,0.0018307005520910025,0.0009971745312213898,-0.002479430567473173,0.008873425796627997
valid,5,0.25,cosine_to_natural_prompt_delta,0.04457005858421326,0.037503089755773544,-0.08023304417729378,0.18851191848516458
valid,5,0.25,effect_norm_ratio,0.038107797503471375,0.03134780749678612,0.0083893989212811,0.09189577102661133
valid,5,0.25,orthogonal_distortion_ratio,0.03794299438595772,0.03129006177186966,0.008376315329223871,0.0918499745428562
valid,5,0.25,normalized_source_error,0.9992823600769043,0.9995510578155518,0.9934973955154419,1.0047630548477173
valid,5,0.5,action_recovery,0.00435264827683568,0.00217313040047884,-0.0025657023536041377,0.01841161418706176
valid,5,0.5,cosine_to_natural_prompt_delta,0.06920798867940903,0.0632852166891098,-0.06893622092902658,0.2224763989448546
valid,5,0.5,effect_norm_ratio,0.05362197756767273,0.047353532165288925,0.012649151869118214,0.1096394747495651
valid,5,0.5,orthogonal_distortion_ratio,0.05319230630993843,0.047107987105846405,0.0125148493796587,0.1079073019325733
valid,5,0.5,normalized_source_error,0.9977046251296997,0.9986796379089355,0.9856608211994171,1.004457938671112
valid,5,0.75,action_recovery,0.006444902159273624,0.0033450701739639044,-0.00411830348894,0.029091622494161123
valid,5,0.75,cosine_to_natural_prompt_delta,0.08416321873664856,0.07951480895280838,-0.07493875250220298,0.24027310609817504
valid,5,0.75,effect_norm_ratio,0.06581375002861023,0.05805515870451927,0.01595415249466896,0.14572630524635313
valid,5,0.75,orthogonal_distortion_ratio,0.0651441439986229,0.05796661227941513,0.015873810648918154,0.1436042010784149
valid,5,0.75,normalized_source_error,0.996618390083313,0.9979936480522156,0.9812676429748535,1.0063781261444091
valid,5,1.0,action_recovery,0.007378478534519672,0.004107812885195017,-0.00453027905896306,0.027815516293048854
valid,5,1.0,cosine_to_natural_prompt_delta,0.09252253919839859,0.08724459260702133,-0.07401684075593948,0.29305773675441726
valid,5,1.0,effect_norm_ratio,0.07079556584358215,0.06033940613269806,0.018368558399379252,0.15931004136800764
valid,5,1.0,orthogonal_distortion_ratio,0.06996200978755951,0.060133613646030426,0.01825490649789572,0.15860299468040462
valid,5,1.0,normalized_source_error,0.9961575269699097,0.9975005984306335,0.9809088289737702,1.0071959376335144
valid,9,0.0,action_recovery,0.0,0.0,0.0,0.0
valid,9,0.0,cosine_to_natural_prompt_delta,0.0,0.0,0.0,0.0
valid,9,0.0,effect_norm_ratio,0.0,0.0,0.0,0.0
valid,9,0.0,orthogonal_distortion_ratio,0.0,0.0,0.0,0.0
valid,9,0.0,normalized_source_error,1.0,1.0,1.0,1.0
valid,9,0.25,action_recovery,0.012425617314875126,0.008903678506612778,-0.0014836818329058581,0.04126475751399994
valid,9,0.25,cosine_to_natural_prompt_delta,0.22552353143692017,0.2034464031457901,-0.020836381427943702,0.5407363593578338
valid,9,0.25,effect_norm_ratio,0.055851031094789505,0.05020894110202789,0.019905455783009528,0.11578905209898933
valid,9,0.25,orthogonal_distortion_ratio,0.053467556834220886,0.04789801687002182,0.018155250139534472,0.10577971935272215
valid,9,0.25,normalized_source_error,0.9896386861801147,0.9930185079574585,0.9633726716041565,1.0028139710426331
valid,9,0.5,action_recovery,0.02589377574622631,0.01823854073882103,7.5109574027010765e-06,0.08356314450502382
valid,9,0.5,cosine_to_natural_prompt_delta,0.29802292585372925,0.2796083986759186,9.426170072401936e-05,0.6528055191040038
valid,9,0.5,effect_norm_ratio,0.08633562177419662,0.07321587949991226,0.03470446690917015,0.18710900992155072
valid,9,0.5,orthogonal_distortion_ratio,0.08041198551654816,0.06999903172254562,0.0309171624481678,0.17009509354829783
valid,9,0.5,normalized_source_error,0.9788227081298828,0.9838087558746338,0.9368708431720734,1.0030977368354796
valid,9,0.75,action_recovery,0.03942812234163284,0.02833881601691246,-0.00017743764910846898,0.12983672171831126
valid,9,0.75,cosine_to_natural_prompt_delta,0.3402476906776428,0.33402687311172485,-0.0033505775965750146,0.6947123825550078
valid,9,0.75,effect_norm_ratio,0.11269394308328629,0.0919102132320404,0.047594891488552095,0.24511952102184284
valid,9,0.75,orthogonal_distortion_ratio,0.10241930186748505,0.0857091173529625,0.03926397375762462,0.22196596264839166
valid,9,0.75,normalized_source_error,0.9682381749153137,0.9752087593078613,0.909147846698761,1.0044433712959289
valid,9,1.0,action_recovery,0.050160154700279236,0.03556046634912491,-0.0006870815821457654,0.16987393498420691
valid,9,1.0,cosine_to_natural_prompt_delta,0.3622725307941437,0.35874202847480774,-0.009781044442206612,0.7156726002693176
valid,9,1.0,effect_norm_ratio,0.13396893441677094,0.10886677354574203,0.057421157509088515,0.2848226815462112
valid,9,1.0,orthogonal_distortion_ratio,0.11998351663351059,0.09725198894739151,0.04747352562844753,0.2706271588802336
valid,9,1.0,normalized_source_error,0.9608356952667236,0.9695144295692444,0.8905150711536407,1.0067223072052003
valid,13,0.0,action_recovery,0.0,0.0,0.0,0.0
valid,13,0.0,cosine_to_natural_prompt_delta,0.0,0.0,0.0,0.0
valid,13,0.0,effect_norm_ratio,0.0,0.0,0.0,0.0
valid,13,0.0,orthogonal_distortion_ratio,0.0,0.0,0.0,0.0
valid,13,0.0,normalized_source_error,1.0,1.0,1.0,1.0
valid,13,0.25,action_recovery,0.04943206161260605,0.04267911612987518,0.014214208256453276,0.12582294493913646
valid,13,0.25,cosine_to_natural_prompt_delta,0.5269193649291992,0.5326039791107178,0.20253190398216248,0.819787001609802
valid,13,0.25,effect_norm_ratio,0.09245119988918304,0.0801335945725441,0.0411623477935791,0.1844051212072372
valid,13,0.25,orthogonal_distortion_ratio,0.07522137463092804,0.062042657285928726,0.032705530524253845,0.15569580495357513
valid,13,0.25,normalized_source_error,0.9545958638191223,0.9599307179450989,0.8871403217315674,0.9869816899299622
valid,13,0.5,action_recovery,0.10052420943975449,0.08868653327226639,0.02510854136198759,0.25747287273406944
valid,13,0.5,cosine_to_natural_prompt_delta,0.6115866303443909,0.6356860399246216,0.25885487198829654,0.8655519783496857
valid,13,0.5,effect_norm_ratio,0.15918417274951935,0.13788250088691711,0.07006833776831627,0.32960952222347256
valid,13,0.5,orthogonal_distortion_ratio,0.11789263784885406,0.09962926059961319,0.05254301205277443,0.24077346175909034
valid,13,0.5,normalized_source_error,0.9097558259963989,0.920505940914154,0.7945797443389893,0.9798458635807037
valid,13,0.75,action_recovery,0.15179502964019775,0.1343798041343689,0.042266044020652774,0.36669244170188886
valid,13,0.75,cosine_to_natural_prompt_delta,0.6540949940681458,0.6800940036773682,0.30052295327186584,0.8800517141819
valid,13,0.75,effect_norm_ratio,0.22553442418575287,0.19405874609947205,0.09406011998653412,0.48302556574344635
valid,13,0.75,orthogonal_distortion_ratio,0.15821807086467743,0.1282789558172226,0.06955387219786643,0.3415324240922927
valid,13,0.75,normalized_source_error,0.8685178160667419,0.8821734189987183,0.7054445266723632,0.9662322282791138
valid,13,1.0,action_recovery,0.1991429626941681,0.1773398369550705,0.054554995149374015,0.4936695158481595
valid,13,1.0,cosine_to_natural_prompt_delta,0.6790162324905396,0.7197805047035217,0.32842661440372467,0.8970090091228485
valid,13,1.0,effect_norm_ratio,0.28452232480049133,0.2427983433008194,0.1162080392241478,0.6183632731437682
valid,13,1.0,orthogonal_distortion_ratio,0.19143156707286835,0.15684659779071808,0.08337111249566079,0.3976207345724105
valid,13,1.0,normalized_source_error,0.8330804705619812,0.8501111268997192,0.6347143173217773,0.9655119180679321
valid,17,0.0,action_recovery,0.0,0.0,0.0,0.0
valid,17,0.0,cosine_to_natural_prompt_delta,0.0,0.0,0.0,0.0
valid,17,0.0,effect_norm_ratio,0.0,0.0,0.0,0.0
valid,17,0.0,orthogonal_distortion_ratio,0.0,0.0,0.0,0.0
valid,17,0.0,normalized_source_error,1.0,1.0,1.0,1.0
valid,17,0.25,action_recovery,0.246097132563591,0.2471500039100647,0.2351806417107582,0.2529896229505539
valid,17,0.25,cosine_to_natural_prompt_delta,0.9695484042167664,0.9801055788993835,0.9206283748149872,0.9916765093803406
valid,17,0.25,effect_norm_ratio,0.25402915477752686,0.25251784920692444,0.24661518782377242,0.2664838433265686
valid,17,0.25,orthogonal_distortion_ratio,0.05697479099035263,0.04998863860964775,0.0326083317399025,0.1015256337821483
valid,17,0.25,normalized_source_error,0.7565008997917175,0.7545738220214844,0.7488164484500885,0.7706528961658478
valid,17,0.5,action_recovery,0.501036524772644,0.5009282231330872,0.49225911796092986,0.5118225038051605
valid,17,0.5,cosine_to_natural_prompt_delta,0.9870575070381165,0.991675853729248,0.96636883020401,0.9962664484977722
valid,17,0.5,effect_norm_ratio,0.507766604423523,0.5052595734596252,0.49706712663173674,0.5216863751411438
valid,17,0.5,orthogonal_distortion_ratio,0.07444463670253754,0.06467794626951218,0.04347004815936088,0.13316718637943267
valid,17,0.5,normalized_source_error,0.5057501792907715,0.5038341283798218,0.4970239847898483,0.51841521859169
valid,17,0.75,action_recovery,0.7541211247444153,0.7529658079147339,0.7464943945407867,0.7679700672626495
valid,17,0.75,cosine_to_natural_prompt_delta,0.996306300163269,0.9978078007698059,0.989454698562622,0.9992685317993164
valid,17,0.75,effect_norm_ratio,0.7569486498832703,0.7548168301582336,0.7485048770904541,0.7740273535251617
valid,17,0.75,orthogonal_distortion_ratio,0.05840538814663887,0.04979822039604187,0.028790682554244995,0.1099737636744976
valid,17,0.75,normalized_source_error,0.2544025778770447,0.25247830152511597,0.24635836780071257,0.2682020038366318
valid,17,1.0,action_recovery,0.999998927116394,1.0000011920928955,0.9999056696891785,1.0000805854797363
valid,17,1.0,cosine_to_natural_prompt_delta,0.9999996423721313,0.9999999403953552,0.999998939037323,1.0
valid,17,1.0,effect_norm_ratio,0.9999992251396179,1.0000014305114746,0.9999057173728942,1.0000810623168945
valid,17,1.0,orthogonal_distortion_ratio,0.0005499997059814632,0.00038214071537368,0.00026967945450451225,0.0014678067062050084
valid,17,1.0,normalized_source_error,0.0005531067727133632,0.00038420470082201064,0.00027003371214959774,0.0014766617910936452
test,0,0.0,action_recovery,0.0,0.0,0.0,0.0
test,0,0.0,cosine_to_natural_prompt_delta,0.0,0.0,0.0,0.0
test,0,0.0,effect_norm_ratio,0.0,0.0,0.0,0.0
test,0,0.0,orthogonal_distortion_ratio,0.0,0.0,0.0,0.0
test,0,0.0,normalized_source_error,1.0,1.0,1.0,1.0
test,0,0.25,action_recovery,0.0013753160601481795,0.0005406650598160923,-0.003457705373875797,0.008976570330560207
test,0,0.25,cosine_to_natural_prompt_delta,0.022200293838977814,0.021151136606931686,-0.09497449547052383,0.14409982413053513
test,0,0.25,effect_norm_ratio,0.03917131572961807,0.034277427941560745,0.010647784918546677,0.09495152905583382
test,0,0.25,orthogonal_distortion_ratio,0.03903747349977493,0.03426916152238846,0.010614930186420679,0.09382540732622147
test,0,0.25,normalized_source_error,0.9997209906578064,0.9999527931213379,0.9941957294940948,1.0045323967933655
test,0,0.5,action_recovery,0.0019312023650854826,0.0011145540047436953,-0.0036904377629980445,0.010264049284160137
test,0,0.5,cosine_to_natural_prompt_delta,0.03455078601837158,0.033704664558172226,-0.07803511992096901,0.1554439440369606
test,0,0.5,effect_norm_ratio,0.046495091170072556,0.04123380407691002,0.01237107953056693,0.10130243748426437
test,0,0.5,orthogonal_distortion_ratio,0.04633079841732979,0.04121595248579979,0.012355716899037361,0.10033561661839485
test,0,0.5,normalized_source_error,0.9995174407958984,0.9996649622917175,0.9936030805110931,1.0052980184555054
test,0,0.75,action_recovery,0.002040715655311942,0.0012506262864917517,-0.0038108654553070664,0.008661441970616579
test,0,0.75,cosine_to_natural_prompt_delta,0.03676975890994072,0.036617543548345566,-0.0774192288517952,0.14817658066749573
test,0,0.75,effect_norm_ratio,0.05021330341696739,0.046103205531835556,0.013279515318572521,0.09336771070957184
test,0,0.75,orthogonal_distortion_ratio,0.05004170536994934,0.04602309316396713,0.01327479025349021,0.09328480064868927
test,0,0.75,normalized_source_error,0.9996061325073242,0.9995755553245544,0.9936774969100952,1.0059835314750671
test,0,1.0,action_recovery,0.0022120706271380186,0.0012527789222076535,-0.0028638505609706044,0.010396265424787998
test,0,1.0,cosine_to_natural_prompt_delta,0.03709722310304642,0.034909095615148544,-0.06536872312426567,0.14513182640075684
test,0,1.0,effect_norm_ratio,0.05076637864112854,0.04603506624698639,0.01297490717843175,0.09995730966329575
test,0,1.0,orthogonal_distortion_ratio,0.05059480667114258,0.04603438451886177,0.012970641255378723,0.09993128105998039
test,0,1.0,normalized_source_error,0.9995046854019165,0.999535322189331,0.9934804737567902,1.005198061466217
test,5,0.0,action_recovery,0.0,0.0,0.0,0.0
test,5,0.0,cosine_to_natural_prompt_delta,0.0,0.0,0.0,0.0
test,5,0.0,effect_norm_ratio,0.0,0.0,0.0,0.0
test,5,0.0,orthogonal_distortion_ratio,0.0,0.0,0.0,0.0
test,5,0.0,normalized_source_error,1.0,1.0,1.0,1.0
test,5,0.25,action_recovery,0.001852566609159112,0.0012520682066679,-0.002925774548202753,0.008712241891771555
test,5,0.25,cosine_to_natural_prompt_delta,0.04652190953493118,0.04110244661569595,-0.08901022002100945,0.20452669262886047
test,5,0.25,effect_norm_ratio,0.039873216301202774,0.03537099063396454,0.009297727607190609,0.0826234370470047
test,5,0.25,orthogonal_distortion_ratio,0.03969596326351166,0.03521418198943138,0.009250983130186796,0.08239775523543358
test,5,0.25,normalized_source_error,0.9992486834526062,0.9994785785675049,0.993395060300827,1.0046700239181519
test,5,0.5,action_recovery,0.0035797529853880405,0.0023729584645479918,-0.005428452976047993,0.013714197091758251
test,5,0.5,cosine_to_natural_prompt_delta,0.06787984073162079,0.06564103811979294,-0.09976265579462051,0.2542119473218918
test,5,0.5,effect_norm_ratio,0.05659641698002815,0.04935343191027641,0.01536798570305109,0.11964640766382217
test,5,0.5,orthogonal_distortion_ratio,0.05621861293911934,0.04919714853167534,0.015240519773215055,0.11917740106582642
test,5,0.5,normalized_source_error,0.9985265135765076,0.9985643625259399,0.98940110206604,1.007732629776001
test,5,0.75,action_recovery,0.006014668848365545,0.004451397340744734,-0.005527649307623506,0.02121567726135254
test,5,0.75,cosine_to_natural_prompt_delta,0.08912275731563568,0.08761399984359741,-0.08742287382483482,0.29353971779346466
test,5,0.75,effect_norm_ratio,0.06962263584136963,0.06432603299617767,0.019234133884310722,0.14163412153720856
test,5,0.75,orthogonal_distortion_ratio,0.06898918002843857,0.06402391940355301,0.018987268209457397,0.14046653360128403
test,5,0.75,normalized_source_error,0.9971385598182678,0.9976598620414734,0.9847038686275482,1.0079333782196045
test,5,1.0,action_recovery,0.006919398438185453,0.005073970649391413,-0.005728547461330891,0.02452764380723238
test,5,1.0,cosine_to_natural_prompt_delta,0.10191608965396881,0.09055916965007782,-0.08739845082163811,0.33441169559955597
test,5,1.0,effect_norm_ratio,0.07401825487613678,0.06679996848106384,0.01968407165259123,0.14074712991714478
test,5,1.0,orthogonal_distortion_ratio,0.07317765057086945,0.06623174250125885,0.01903107762336731,0.1394907757639885
test,5,1.0,normalized_source_error,0.9965860247612,0.9970476627349854,0.9812138080596924,1.009982705116272
test,9,0.0,action_recovery,0.0,0.0,0.0,0.0
test,9,0.0,cosine_to_natural_prompt_delta,0.0,0.0,0.0,0.0
test,9,0.0,effect_norm_ratio,0.0,0.0,0.0,0.0
test,9,0.0,orthogonal_distortion_ratio,0.0,0.0,0.0,0.0
test,9,0.0,normalized_source_error,1.0,1.0,1.0,1.0
test,9,0.25,action_recovery,0.01568460650742054,0.010410595685243607,-0.001574631140101701,0.04912243038415909
test,9,0.25,cosine_to_natural_prompt_delta,0.26045724749565125,0.19447897374629974,-0.023691301234066486,0.7241118848323822
test,9,0.25,effect_norm_ratio,0.062280647456645966,0.056263018399477005,0.023461636155843735,0.12029613554477692
test,9,0.25,orthogonal_distortion_ratio,0.058219064027071,0.05304965376853943,0.021216167137026787,0.11257262155413628
test,9,0.25,normalized_source_error,0.9865178465843201,0.9917030930519104,0.9556005001068115,1.0039922595024109
test,9,0.5,action_recovery,0.032210078090429306,0.021609079092741013,0.0006412570946849883,0.0951026938855648
test,9,0.5,cosine_to_natural_prompt_delta,0.324032187461853,0.2568848133087158,0.010080685373395681,0.7829687893390656
test,9,0.5,effect_norm_ratio,0.09685784578323364,0.0897817462682724,0.0423950981348753,0.17602770030498505
test,9,0.5,orthogonal_distortion_ratio,0.08710120618343353,0.08192293345928192,0.036463676020503044,0.1646220162510872
test,9,0.5,normalized_source_error,0.9726108908653259,0.9826538562774658,0.9108899235725403,1.0045271515846252
test,9,0.75,action_recovery,0.04915817081928253,0.03316293656826019,0.0014124529552645981,0.14570966362953186
test,9,0.75,cosine_to_natural_prompt_delta,0.3655669689178467,0.3149813115596771,0.021799814887344837,0.8065111935138702
test,9,0.75,effect_norm_ratio,0.1268320232629776,0.11744876205921173,0.05505985580384731,0.23327337950468063
test,9,0.75,orthogonal_distortion_ratio,0.11059549450874329,0.10272113978862762,0.04976606369018555,0.19588187336921692
test,9,0.75,normalized_source_error,0.9586862325668335,0.9725133180618286,0.8705148994922638,1.0044224858283997
test,9,1.0,action_recovery,0.06322719901800156,0.041726015508174896,0.000372427748516202,0.19155148416757584
test,9,1.0,cosine_to_natural_prompt_delta,0.385762482881546,0.33825549483299255,0.0034571364521980286,0.8278001844882965
test,9,1.0,effect_norm_ratio,0.15038160979747772,0.1361323595046997,0.0657590813934803,0.28222376108169556
test,9,1.0,orthogonal_distortion_ratio,0.12812751531600952,0.11629056185483932,0.05620259791612625,0.24044842272996902
test,9,1.0,normalized_source_error,0.9476483464241028,0.9669812917709351,0.8364690840244293,1.0081641674041748
test,13,0.0,action_recovery,0.0,0.0,0.0,0.0
test,13,0.0,cosine_to_natural_prompt_delta,0.0,0.0,0.0,0.0
test,13,0.0,effect_norm_ratio,0.0,0.0,0.0,0.0
test,13,0.0,orthogonal_distortion_ratio,0.0,0.0,0.0,0.0
test,13,0.0,normalized_source_error,1.0,1.0,1.0,1.0
test,13,0.25,action_recovery,0.05579673498868942,0.04453575238585472,0.012362041976302862,0.132256917655468
test,13,0.25,cosine_to_natural_prompt_delta,0.5304320454597473,0.5272067189216614,0.15962377935647964,0.8639461696147919
test,13,0.25,effect_norm_ratio,0.1009128987789154,0.09379646927118301,0.04687524028122425,0.17387906461954117
test,13,0.25,orthogonal_distortion_ratio,0.07920359075069427,0.0730181634426117,0.03506610170006752,0.13892246782779694
test,13,0.25,normalized_source_error,0.9482258558273315,0.9601783156394958,0.8725825548171997,0.991356760263443
test,13,0.5,action_recovery,0.11377467960119247,0.09317703545093536,0.023710692301392555,0.2711459696292877
test,13,0.5,cosine_to_natural_prompt_delta,0.6126879453659058,0.6329740881919861,0.2273058369755745,0.8968181908130646
test,13,0.5,effect_norm_ratio,0.17536985874176025,0.1612609475851059,0.07756272703409195,0.34057193994522095
test,13,0.5,orthogonal_distortion_ratio,0.12478601187467575,0.11622145026922226,0.06162579171359539,0.20715636014938354
test,13,0.5,normalized_source_error,0.8966460824012756,0.9202950596809387,0.75045245885849,0.9814707338809967
test,13,0.75,action_recovery,0.17112033069133759,0.14139443635940552,0.035232868045568466,0.41993890702724457
test,13,0.75,cosine_to_natural_prompt_delta,0.6515052318572998,0.680830717086792,0.26654647290706635,0.9143242537975311
test,13,0.75,effect_norm_ratio,0.24858009815216064,0.22434164583683014,0.10790418088436127,0.49024172127246857
test,13,0.75,orthogonal_distortion_ratio,0.16765548288822174,0.15679961442947388,0.08077536523342133,0.2797705978155136
test,13,0.75,normalized_source_error,0.8493754863739014,0.8808082342147827,0.6131194233894348,0.9752015471458435
test,13,1.0,action_recovery,0.22518111765384674,0.1858641356229782,0.04873505048453808,0.5519382655620575
test,13,1.0,cosine_to_natural_prompt_delta,0.6731796264648438,0.7140255570411682,0.26921115815639496,0.9221851527690887
test,13,1.0,effect_norm_ratio,0.31692230701446533,0.2887093424797058,0.13366548717021942,0.6341891586780548
test,13,1.0,orthogonal_distortion_ratio,0.20619437098503113,0.1915728747844696,0.0951717421412468,0.34274162352085114
test,13,1.0,normalized_source_error,0.8090164065361023,0.8491457104682922,0.5120278298854828,0.9709474742412567
test,17,0.0,action_recovery,0.0,0.0,0.0,0.0
test,17,0.0,cosine_to_natural_prompt_delta,0.0,0.0,0.0,0.0
test,17,0.0,effect_norm_ratio,0.0,0.0,0.0,0.0
test,17,0.0,orthogonal_distortion_ratio,0.0,0.0,0.0,0.0
test,17,0.0,normalized_source_error,1.0,1.0,1.0,1.0
test,17,0.25,action_recovery,0.2462884485721588,0.24691912531852722,0.2383730709552765,0.2519349008798599
test,17,0.25,cosine_to_natural_prompt_delta,0.9744866490364075,0.9793360233306885,0.9391320943832397,0.9955307841300964
test,17,0.25,effect_norm_ratio,0.2528335452079773,0.25178584456443787,0.2460828348994255,0.26159344613552094
test,17,0.25,orthogonal_distortion_ratio,0.05321253836154938,0.050722621381282806,0.02366695925593376,0.089064110070467
test,17,0.25,normalized_source_error,0.7558792233467102,0.7549561858177185,0.7495296001434326,0.7654084861278534
test,17,0.5,action_recovery,0.49985912442207336,0.4999367296695709,0.49069398641586304,0.508592277765274
test,17,0.5,cosine_to_natural_prompt_delta,0.988044023513794,0.991835355758667,0.9702347815036774,0.997805118560791
test,17,0.5,effect_norm_ratio,0.506009578704834,0.5041777491569519,0.49750640988349915,0.5177349746227264
test,17,0.5,orthogonal_distortion_ratio,0.07179521769285202,0.06464219093322754,0.03323188051581383,0.12458194047212601
test,17,0.5,normalized_source_error,0.5062852501869202,0.5042681097984314,0.49716439843177795,0.520954430103302
test,17,0.75,action_recovery,0.7539848685264587,0.7528849840164185,0.746984601020813,0.7648336291313171
test,17,0.75,cosine_to_natural_prompt_delta,0.9969834685325623,0.9980179667472839,0.9923205971717834,0.9993527829647064
test,17,0.75,effect_norm_ratio,0.7562880516052246,0.7542937994003296,0.749214768409729,0.7701577246189117
test,17,0.75,orthogonal_distortion_ratio,0.05337180569767952,0.04737386107444763,0.027132420800626278,0.0940740704536438
test,17,0.75,normalized_source_error,0.2529512941837311,0.25118350982666016,0.2459242269396782,0.26312820613384247
test,17,1.0,action_recovery,0.9999966621398926,0.9999952912330627,0.999893307685852,1.0001012682914734
test,17,1.0,cosine_to_natural_prompt_delta,0.9999995231628418,0.9999998807907104,0.999998927116394,1.0000001192092896
test,17,1.0,effect_norm_ratio,0.9999971389770508,0.9999953508377075,0.999893456697464,1.0001018643379211
test,17,1.0,orthogonal_distortion_ratio,0.0005643108743242919,0.0003725657006725669,0.0002633777621667832,0.0014525969745591283
test,17,1.0,normalized_source_error,0.0005678984452970326,0.0003743617853615433,0.0002638711011968553,0.001459704537410289
