pair_id,scene_side,init_state_id,probe,native_position,swapped_position,shift,swapped_first_grasp_side,swapped_commanded
0,0,0,laso,-0.02728297370886941,0.7076085665868255,0.7348915402956949,0,0
0,0,0,lopo,0.06560832730127503,0.515669921174449,0.45006159387317396,0,0
0,0,1,laso,0.0545907514941585,0.7962367670646578,0.7416460155704994,0,0
0,0,1,lopo,0.28799044345533353,0.6251213023345086,0.33713085887917504,0,0
0,0,2,laso,-0.13485600507679615,0.581764805826773,0.7166208109035692,0,0
0,0,2,lopo,0.04241010769681679,0.5331151262627528,0.490705018565936,0,0
0,0,3,laso,0.017329343116774996,0.7381990329161189,0.7208696897993438,1,1
0,0,3,lopo,0.1679340333528043,0.5036615575025047,0.3357275241497004,1,1
0,0,4,laso,-0.1735099077858825,0.7039398630505759,0.8774497708364584,0,0
0,0,4,lopo,-0.10730761414990757,0.5263662796513251,0.6336738938012326,0,0
0,0,5,laso,0.04530976561883805,0.6855061098897096,0.6401963442708716,0,0
0,0,5,lopo,0.20234158366168606,0.5849921183959549,0.3826505347342688,0,0
0,0,6,laso,0.05921670824774768,0.6804794146721332,0.6212627064243855,0,0
0,0,6,lopo,0.2217897122634207,0.5114474170938513,0.28965770483043063,0,0
0,0,7,laso,-0.31402857067598394,0.39820075958984635,0.7122293302658302,0,0
0,0,7,lopo,-0.14829361620916437,0.33636491806776103,0.4846585342769254,0,0
0,0,8,laso,-0.06430276627983447,0.43416387497913006,0.49846664125896456,0,0
0,0,8,lopo,-0.01743682095997622,0.2915210018594965,0.3089578228194727,0,0
0,0,9,laso,-0.1229758862059179,0.5640954703691645,0.6870713565750824,-1,0
0,0,9,lopo,0.019104137049866146,0.5659617104789075,0.5468575734290414,-1,0
0,0,10,laso,-0.08402332018349107,0.6243735947171966,0.7083969149006877,0,0
0,0,10,lopo,-0.01496959401143719,0.4410247823868725,0.4559943763983097,0,0
0,0,11,laso,-0.10907511712009604,0.47723783500822275,0.5863129521283188,0,0
0,0,11,lopo,0.048283141528818206,0.40714652849466265,0.35886338696584447,0,0
0,0,12,laso,-0.14042573605734543,0.572870248071947,0.7132959841292924,0,0
0,0,12,lopo,0.1293179834234113,0.4805277763422458,0.3512097929188345,0,0
0,0,13,laso,0.039696784706016446,0.9029218359891462,0.8632250512831298,0,0
0,0,13,lopo,0.3175936569890935,0.702268432345529,0.38467477535643557,0,0
0,0,14,laso,-0.014498358252418622,0.6906606111614739,0.7051589694138926,0,0
0,0,14,lopo,0.23329984373533347,0.5957358503462643,0.36243600661093084,0,0
0,0,15,laso,-0.14519227699771392,0.5021874391255784,0.6473797161232924,0,0
0,0,15,lopo,-0.11776220790128995,0.2924098935169791,0.41017210141826904,0,0
0,0,16,laso,0.006366705087716268,0.47838808962656454,0.4720213845388483,0,0
0,0,16,lopo,0.1200295241115777,0.31367760177159865,0.19364807766002096,0,0
0,0,17,laso,-0.13399619219436334,0.49021479582002553,0.6242109880143889,0,0
0,0,17,lopo,0.02985841116516274,0.3530406614900685,0.3231822503249058,0,0
0,0,18,laso,0.2395066701047855,0.8479375994196898,0.6084309293149044,0,0
0,0,18,lopo,0.37514805744956153,0.5847528870704021,0.20960482962084054,0,0
0,0,19,laso,-0.06709185387654752,0.690874862935755,0.7579667168123024,0,0
0,0,19,lopo,0.10041889446902161,0.6084938570453301,0.5080749625763085,0,0
0,0,20,laso,-0.1596606453574071,0.5878436594469585,0.7475043048043656,-1,0
0,0,20,lopo,-0.021223120165061046,0.5833487872942313,0.6045719074592923,-1,0
0,0,21,laso,-0.060816189110801055,0.7254668374996592,0.7862830266104603,-1,0
0,0,21,lopo,0.22411237886594318,0.5902378609858914,0.3661254821199482,-1,0
0,0,22,laso,-0.012045094999169604,0.646479189611199,0.6585242846103686,0,0
0,0,22,lopo,0.12436067399817434,0.5074861559497532,0.38312548195157886,0,0
0,0,23,laso,-0.25268040793175744,0.5195785299459731,0.7722589378777305,0,0
0,0,23,lopo,-0.0714087145792597,0.38984784273520623,0.4612565573144659,0,0
0,0,24,laso,0.00808385385389179,0.8834994076227252,0.8754155537688334,-1,0
0,0,24,lopo,0.2691727942015491,0.8239372908177937,0.5547644966162446,-1,0
0,0,25,laso,-0.27966399917618706,0.48376922147696194,0.763433220653149,0,0
0,0,25,lopo,-0.08977880820406797,0.4325388291162428,0.5223176373203108,0,0
0,0,26,laso,-0.23233415652265113,0.4714672138530711,0.7038013703757222,0,0
0,0,26,lopo,0.0008119592779766432,0.46055329008701346,0.4597413308090368,0,0
0,0,27,laso,0.05699248239701899,0.7470492089040275,0.6900567265070084,1,1
0,0,27,lopo,0.2133406574449555,0.5344062405928403,0.32106558314788475,1,1
0,0,28,laso,-0.08901679769413103,0.5896144352912772,0.6786312329854083,0,0
0,0,28,lopo,0.22910626641657603,0.5403656823281641,0.311259415911588,0,0
0,0,29,laso,-0.3136838408550651,0.4753501515948374,0.7890339924499026,0,0
0,0,29,lopo,-0.25411429114163975,0.346637820883522,0.6007521120251618,0,0
0,0,30,laso,-0.29035732878078135,0.5216077495825807,0.8119650783633621,0,0
0,0,30,lopo,-0.16792064596176848,0.3780669001573034,0.5459875461190719,0,0
0,0,31,laso,-0.17152011992827534,0.6062585652971064,0.7777786852253817,0,0
0,0,31,lopo,-0.017107546304026406,0.5022972540232193,0.5194048003272458,0,0
0,0,32,laso,-0.18516328902304127,0.4093550006516722,0.5945182896747134,0,0
0,0,32,lopo,0.020075607131398953,0.3788036780961742,0.35872807096477527,0,0
0,0,33,laso,-0.39655085510890486,0.36154803791789963,0.7580988930268044,0,0
0,0,33,lopo,-0.24172336109090567,0.29386597169012546,0.5355893327810312,0,0
0,0,34,laso,-0.05192614650186733,0.7132203053567161,0.7651464518585834,-1,0
0,0,34,lopo,0.0307278363877613,0.5135641770096652,0.4828363406219039,-1,0
0,0,35,laso,-0.06594355774305462,0.7769283741098867,0.8428719318529413,0,0
0,0,35,lopo,0.21992003442378982,0.6343479132558534,0.41442787883206356,0,0
0,0,36,laso,0.06834715688865312,0.584336372277005,0.5159892153883519,0,0
0,0,36,lopo,0.2682887528709242,0.4968133682354251,0.22852461536450092,0,0
0,0,37,laso,-0.30719217405974614,0.41083041923446123,0.7180225932942074,0,0
0,0,37,lopo,-0.3267210107255385,0.10188574004471601,0.4286067507702545,0,0
0,0,38,laso,-0.19199667313452282,0.2531099481522554,0.44510662128677825,0,0
0,0,38,lopo,-0.10804179138740864,0.12441719080322465,0.2324589821906333,0,0
0,0,39,laso,-0.11500741048221066,0.5421563309277788,0.6571637414099895,0,0
0,0,39,lopo,-0.14135289854524513,0.32959289708066003,0.47094579562590516,0,0
0,0,40,laso,-0.19122938829931113,0.5778934162857251,0.7691228045850362,-1,0
0,0,40,lopo,0.056780160640246366,0.5252817199247556,0.4685015592845092,-1,0
0,0,41,laso,-0.1266056904508981,0.5172180169329186,0.6438237073838167,0,0
0,0,41,lopo,0.02724870791976211,0.408714817646724,0.38146610972696193,0,0
0,0,42,laso,0.13315361868271086,0.8732215933458995,0.7400679746631886,0,0
0,0,42,lopo,0.33207622925593994,0.6776887012796384,0.3456124720236985,0,0
0,0,43,laso,-0.07051715246645113,0.5568351150479233,0.6273522675143743,0,0
0,0,43,lopo,-0.0518469655656061,0.35830898637079894,0.410155951936405,0,0
0,0,44,laso,0.1502191423842782,0.6886795454831801,0.538460403098902,1,1
0,0,44,lopo,0.39362013672462437,0.6495802749159322,0.2559601381913078,1,1
0,0,45,laso,-0.022376622027675187,0.5428617173249908,0.565238339352666,0,0
0,0,45,lopo,0.12602814309827448,0.4720226118232954,0.34599446872502093,0,0
0,0,46,laso,0.11178369805751287,0.8636698493497579,0.751886151292245,0,0
0,0,46,lopo,0.24714302344373362,0.6611126063337207,0.4139695828899871,0,0
0,0,47,laso,-0.09676593136365218,0.5284893306086476,0.6252552619722997,0,0
0,0,47,lopo,0.10503529482841246,0.5130640056669994,0.40802871083858694,0,0
0,0,48,laso,-0.2059537193823959,0.4658144240446066,0.6717681434270025,-1,0
0,0,48,lopo,-0.12164779700220495,0.37945461554573223,0.5011024125479372,-1,0
0,0,49,laso,-0.11230442655404091,0.5978885872762888,0.7101930138303297,0,0
0,0,49,lopo,0.019707772045715256,0.4435488080076144,0.42384103596189915,0,0
1,0,0,laso,0.3074869811718854,1.151708222175608,0.8442212410037226,1,1
1,0,0,lopo,0.5087630678894662,1.2519728808049948,0.7432098129155286,1,1
1,0,1,laso,0.23312485363203395,0.5867953877797717,0.35367053414773775,1,1
1,0,1,lopo,0.2764419947350929,0.5365328298595337,0.26009083512444076,1,1
1,0,2,laso,0.2459964592873734,0.7275420942557088,0.4815456349683354,1,1
1,0,2,lopo,0.5238607915733221,0.6828195710513216,0.15895877947799952,1,1
1,0,3,laso,0.3798360187206597,0.9342423502503531,0.5544063315296934,1,1
1,0,3,lopo,0.41390948270862904,0.9426211458227802,0.5287116631141512,1,1
1,0,4,laso,0.3472218755177365,0.9085041698884581,0.5612822943707216,1,1
1,0,4,lopo,0.3376419505241903,0.7770366452005171,0.43939469467632675,1,1
1,0,5,laso,0.4859116536206356,0.8308299306581641,0.34491827703752853,1,1
1,0,5,lopo,0.7331073221196686,0.773860465137714,0.040753143018045446,1,1
1,0,6,laso,0.07923162991296151,0.858610522609583,0.7793788926966215,1,1
1,0,6,lopo,0.17047850006755297,0.8879135334288881,0.7174350333613352,1,1
1,0,7,laso,0.43041541120171856,0.6856572565906005,0.25524184538888195,1,1
1,0,7,lopo,0.483472181119072,0.6170645711907288,0.1335923900716568,1,1
1,0,8,laso,0.47351140178132456,0.5388862769773107,0.06537487519598617,1,1
1,0,8,lopo,0.5158923447623944,0.4778962768905173,-0.03799606787187715,1,1
1,0,9,laso,-0.004128900387060461,0.8785307755426455,0.882659675929706,1,1
1,0,9,lopo,0.04014479425838938,0.8643244514940881,0.8241796572356987,1,1
1,0,10,laso,0.37525228671983907,0.8317204469971111,0.45646816027727205,1,1
1,0,10,lopo,0.5663374377938545,0.8720872438719012,0.3057498060780467,1,1
1,0,11,laso,0.03176479135426459,0.5255548771668892,0.4937900858126246,1,1
1,0,11,lopo,0.20735072694905676,0.6305614162481826,0.42321068929912586,1,1
1,0,12,laso,-0.16429367821728982,0.5522743613709773,0.7165680395882671,1,1
1,0,12,lopo,-0.05423530807418123,0.6364589555612069,0.6906942636353881,1,1
1,0,13,laso,0.2651276597493297,0.9710718140671933,0.7059441543178636,1,1
1,0,13,lopo,0.5071182932748197,1.0663712718845313,0.5592529786097116,1,1
1,0,14,laso,0.2292367367100191,0.8977612124294697,0.6685244757194506,1,1
1,0,14,lopo,0.4033474473849167,1.0091154647294773,0.6057680173445606,1,1
1,0,15,laso,0.47533951799516616,0.6904063954342642,0.21506687743909803,1,1
1,0,15,lopo,0.39190046432968983,0.47107815075840975,0.07917768642871992,1,1
1,0,16,laso,0.2232646548657762,0.8791875639861797,0.6559229091204035,1,1
1,0,16,lopo,0.32148427121867934,0.9104375903890598,0.5889533191703804,1,1
1,0,17,laso,0.16474508105703384,0.5276843894574971,0.36293930840046323,1,1
1,0,17,lopo,0.17205489602334606,0.43719901196774386,0.2651441159443978,1,1
1,0,18,laso,0.17444384781402972,0.7449547072513946,0.5705108594373649,1,1
1,0,18,lopo,0.26045331306411434,0.7608731668624384,0.5004198537983241,1,1
1,0,19,laso,0.28126534967436706,0.8091986174799125,0.5279332678055455,1,1
1,0,19,lopo,0.4182467750274148,0.9152184510929947,0.4969716760655799,1,1
1,0,20,laso,0.10091380463927214,0.7625726290424921,0.66165882440322,1,1
1,0,20,lopo,0.22123896830064457,0.7305320908093168,0.5092931225086722,1,1
1,0,21,laso,0.37881765483589774,0.9430493525322532,0.5642316976963555,1,1
1,0,21,lopo,0.5278587828806107,0.9912712654556699,0.4634124825750592,1,1
1,0,22,laso,0.24972358584830207,0.5097499019349029,0.2600263160866008,1,1
1,0,22,lopo,0.2280413103109948,0.44419813704350575,0.21615682673251094,1,1
1,0,23,laso,0.32502314044419667,0.5994104726534137,0.27438733220921707,1,1
1,0,23,lopo,0.5251421089414707,0.6969134476339294,0.17177133869245864,1,1
1,0,24,laso,0.16834593464390446,0.8586367142666109,0.6902907796227065,1,1
1,0,24,lopo,0.374233692409942,0.8698588791983172,0.4956251867883752,1,1
1,0,25,laso,0.3928734344628287,0.8369090065734914,0.44403557211066275,-1,0
1,0,25,lopo,0.4370943989563892,0.6666464148575669,0.22955201590117774,-1,0
1,0,26,laso,0.1775809132101424,0.8611260738099329,0.6835451605997904,1,1
1,0,26,lopo,0.38259478365115235,0.7706716885008563,0.388076904849704,1,1
1,0,27,laso,0.17955592544763732,0.779125218625448,0.5995692931778107,1,1
1,0,27,lopo,0.21302110548301986,0.7342008430026761,0.5211797375196562,1,1
1,0,28,laso,-0.023823911550390174,0.5291319969648401,0.5529559085152304,1,1
1,0,28,lopo,0.14873169589135854,0.47054068413069006,0.3218089882393315,1,1
1,0,29,laso,0.26344586349630356,0.6258536003120878,0.36240773681578425,1,1
1,0,29,lopo,0.5906107287632707,0.7517205268778246,0.16110979811455395,1,1
1,0,30,laso,0.05487828061065426,0.3202243065797206,0.26534602596906637,1,1
1,0,30,lopo,0.08929255297454655,0.3140805196056074,0.22478796663106085,1,1
1,0,31,laso,0.255706056025721,0.8799623300989069,0.6242562740731858,1,1
1,0,31,lopo,0.5338405809847188,0.9603119587649612,0.42647137778024247,1,1
1,0,32,laso,-0.08566473004581697,0.938753536737793,1.02441826678361,1,1
1,0,32,lopo,0.18094235508160006,0.9982692768099453,0.8173269217283452,1,1
1,0,33,laso,0.25070527373238716,1.06241087827846,0.8117056045460729,1,1
1,0,33,lopo,0.37948285379686475,0.9968553881807114,0.6173725343838466,1,1
1,0,34,laso,0.18561706660661276,0.5790307904050667,0.3934137237984539,1,1
1,0,34,lopo,0.3218683899189618,0.6717743726234048,0.349905982704443,1,1
1,0,35,laso,0.42013772049477194,0.7913945889879982,0.37125686849322626,1,1
1,0,35,lopo,0.5646162004385298,0.6628576111687985,0.09824141073026871,1,1
1,0,36,laso,0.08138657057733709,0.8467602187594786,0.7653736481821415,1,1
1,0,36,lopo,0.43983557476823265,1.03836071564824,0.5985251408800073,1,1
1,0,37,laso,0.17239713495531633,0.5781790622972018,0.4057819273418855,1,1
1,0,37,lopo,0.22751647866151875,0.5546759673419992,0.32715948868048045,1,1
1,0,38,laso,0.25833614772033114,0.6573428464094349,0.3990066986891037,1,1
1,0,38,lopo,0.41633378555546247,0.5336406487757935,0.11730686322033107,1,1
1,0,39,laso,-0.2699551431389418,0.39561606963386137,0.6655712127728032,1,1
1,0,39,lopo,-0.13066906319048333,0.3330707766932349,0.46373983988371825,1,1
1,0,40,laso,0.3347991956319382,0.9682504887125095,0.6334512930805714,1,1
1,0,40,lopo,0.4369544540909794,0.8730258422557146,0.4360713881647352,1,1
1,0,41,laso,0.020252336357253587,0.41008070025891336,0.38982836390165976,1,1
1,0,41,lopo,0.001878458405248378,0.35764154651212,0.35576308810687163,1,1
1,0,42,laso,0.30261938460666393,0.720962534946852,0.4183431503401881,1,1
1,0,42,lopo,0.4616433551958141,0.7471076460974085,0.2854642909015944,1,1
1,0,43,laso,0.23700020116114298,0.8281516993124037,0.5911514981512608,1,1
1,0,43,lopo,0.413157951130362,0.904910075438885,0.491752124308523,1,1
1,0,44,laso,0.3319584377575241,0.7566328835255476,0.4246744457680235,1,1
1,0,44,lopo,0.6221743253708903,0.7812617204784885,0.15908739510759817,1,1
1,0,45,laso,0.5200002872633351,0.9247739510222158,0.4047736637588807,1,1
1,0,45,lopo,0.6590528313373268,0.927486438904734,0.2684336075674072,1,1
1,0,46,laso,0.5132411115616349,0.6423003095454457,0.12905919798381082,1,1
1,0,46,lopo,0.7722724519146907,0.5287336687145573,-0.24353878320013345,1,1
1,0,47,laso,0.5829825046643808,0.6597590843765383,0.07677657971215746,1,1
1,0,47,lopo,0.7370684070011452,0.662445841452299,-0.07462256554884616,1,1
1,0,48,laso,0.07531525230822618,0.6376928821598946,0.5623776298516684,1,1
1,0,48,lopo,0.26403982268632237,0.7024987224846466,0.43845889979832425,1,1
1,0,49,laso,0.33433216228719376,0.9214141221267041,0.5870819598395104,1,1
1,0,49,lopo,0.3269154300581754,0.7633929425235991,0.4364775124654237,1,1
2,0,0,laso,0.19818984373630988,0.4443906645776469,0.24620082084133704,1,1
2,0,0,lopo,0.3887217570465373,0.17697267814131795,-0.21174907890521932,1,1
2,0,1,laso,0.35067425559545623,0.5241023002720445,0.1734280446765883,1,1
2,0,1,lopo,0.5572008071640926,0.27019418706768333,-0.28700662009640926,1,1
2,0,2,laso,0.563340954554172,0.6514721773237451,0.08813122276957308,1,1
2,0,2,lopo,0.5367431876272275,0.41546508426061945,-0.12127810336660805,1,1
2,0,3,laso,0.5303673436945952,0.7958895123973511,0.2655221687027559,1,1
2,0,3,lopo,0.7694168805995145,0.5862660317653984,-0.18315084883411614,1,1
2,0,4,laso,0.6035048345783216,0.7936920215034015,0.19018718692507985,1,1
2,0,4,lopo,0.5671969687400463,0.4722967379270391,-0.09490023081300725,1,1
2,0,5,laso,0.5050096057729754,0.7798028715323952,0.27479326575941987,1,1
2,0,5,lopo,0.5657584178755015,0.3915753422813733,-0.1741830755941282,1,1
2,0,6,laso,0.46449767404155795,0.3384399773402008,-0.12605769670135714,1,1
2,0,6,lopo,0.5414113111257806,0.08230325682996964,-0.4591080542958109,1,1
2,0,7,laso,0.4870388061117527,0.5973705319511579,0.11033172583940515,1,1
2,0,7,lopo,0.6910083012613024,0.2550645246654243,-0.43594377659587813,1,1
2,0,8,laso,0.5336523126992564,0.6510696427703209,0.11741733007106447,1,1
2,0,8,lopo,0.6151872736239069,0.2878296981397154,-0.32735757548419153,1,1
2,0,9,laso,0.4100847780681897,0.8360223117764295,0.4259375337082398,1,1
2,0,9,lopo,0.5284595473040105,0.7328294817071458,0.20436993440313533,1,1
2,0,10,laso,0.2256745473849158,0.5208136946188251,0.2951391472339093,1,1
2,0,10,lopo,0.20788783644069825,0.3509895890281562,0.14310175258745794,1,1
2,0,11,laso,0.3905080482063411,0.7267211104820607,0.33621306227571957,1,1
2,0,11,lopo,0.44212206534616816,0.3078221830598323,-0.13429988228633588,1,1
2,0,12,laso,0.4143583398283705,0.8057924761382637,0.39143413630989315,1,1
2,0,12,lopo,0.42930035004972616,0.46128804011484775,0.03198769006512159,1,1
2,0,13,laso,0.28465311262343995,0.9277802905370497,0.6431271779136097,1,1
2,0,13,lopo,0.03239339238430967,0.41480304849838134,0.3824096561140717,1,1
2,0,14,laso,0.3989047960798255,0.666905442143766,0.26800064606394053,1,1
2,0,14,lopo,0.5426853406053549,0.6380714302925559,0.09538608968720097,1,1
2,0,15,laso,0.4394990473300846,0.6491775434033612,0.2096784960732766,1,1
2,0,15,lopo,0.573332747722913,0.4136768248000025,-0.15965592292291048,1,1
2,0,16,laso,0.001093679370029741,0.4811146487255308,0.48002096935550104,1,1
2,0,16,lopo,0.03917642275255291,0.21354217946396115,0.17436575671140825,1,1
2,0,17,laso,0.1663756533711196,0.5217513122271492,0.3553756588560296,1,1
2,0,17,lopo,0.1696658667964812,0.23041231571172005,0.06074644891523884,1,1
2,0,18,laso,0.5511738298434182,0.5959339110845747,0.04476008124115649,1,1
2,0,18,lopo,0.8023934914768645,0.6007926212278597,-0.20160087024900475,1,1
2,0,19,laso,0.36904065819495885,0.6654331971117629,0.296392538916804,1,1
2,0,19,lopo,0.4436878366861374,0.45800893551567357,0.014321098829536139,1,1
2,0,20,laso,0.6121239948426308,0.38644452248730393,-0.22567947235532687,1,1
2,0,20,lopo,0.61547420004749,0.049831179089814166,-0.5656430209576758,1,1
2,0,21,laso,0.07150256122607689,0.40853652134192653,0.33703396011584963,1,1
2,0,21,lopo,0.37514453447604734,0.1404369845547628,-0.23470754992128454,1,1
2,0,22,laso,0.2825200130339658,0.6982348710638754,0.4157148580299096,1,1
2,0,22,lopo,0.39855930858811006,0.3783206358528462,-0.020238672735263863,1,1
2,0,23,laso,0.39988397188260805,0.5772497497513658,0.17736577786875773,1,1
2,0,23,lopo,0.4829487242683021,0.08938473670959297,-0.39356398755870914,1,1
2,0,24,laso,0.41047253668569517,0.5678355039256974,0.1573629672400022,1,1
2,0,24,lopo,0.46281159178614134,0.31003106038775985,-0.1527805313983815,1,1
2,0,25,laso,0.16351313356949945,0.4711980751136839,0.30768494154418446,1,1
2,0,25,lopo,0.3118925413308405,0.25624598047096375,-0.05564656085987674,1,1
2,0,26,laso,0.5623944425550951,0.7701536752063549,0.20775923265125984,1,1
2,0,26,lopo,0.7424983228595199,0.3995368768928292,-0.3429614459666907,1,1
2,0,27,laso,0.4659406495389766,0.6778889578717652,0.21194830833278855,1,1
2,0,27,lopo,0.5562122572634709,0.47655409983468217,-0.07965815742878873,1,1
2,0,28,laso,0.07550666801344638,0.45341044822394094,0.37790378021049453,1,1
2,0,28,lopo,0.2957733603823304,0.3652903101429159,0.06951694976058553,1,1
2,0,29,laso,0.25629544005284244,0.7838086944729507,0.5275132544201082,1,1
2,0,29,lopo,0.22486303702400082,0.5334625824996705,0.3085995454756697,1,1
2,0,30,laso,0.2007026857915871,0.36983698358468614,0.16913429779309905,1,1
2,0,30,lopo,0.3738999633461678,0.10930288452018755,-0.26459707882598027,1,1
2,0,31,laso,0.35799291703197006,0.7035922543946461,0.34559933736267606,1,1
2,0,31,lopo,0.5068949908369977,0.5226679862082858,0.015772995371288068,1,1
2,0,32,laso,0.3987523492049053,0.8100756454164766,0.41132329621157127,1,1
2,0,32,lopo,0.15984556542846645,0.3783504742891007,0.21850490886063423,1,1
2,0,33,laso,0.45208069200479334,0.5570489024530866,0.10496821044829324,1,1
2,0,33,lopo,0.390329911537862,0.12046772665878741,-0.2698621848790746,1,1
2,0,34,laso,0.3359079615577558,0.32754574828445904,-0.008362213273296781,1,1
2,0,34,lopo,0.3090494597278385,0.18513475674176116,-0.12391470298607732,1,1
2,0,35,laso,0.06237433701863468,0.3033817882862126,0.24100745126757792,1,1
2,0,35,lopo,0.10257540135252925,-0.33396667338394753,-0.43654207473647677,1,1
2,0,36,laso,0.20070323706416077,0.5857872895945785,0.3850840525304177,1,1
2,0,36,lopo,0.2185008405712815,0.3181290857469003,0.0996282451756188,1,1
2,0,37,laso,0.21084720761135947,0.6709693940763453,0.4601221864649858,1,1
2,0,37,lopo,0.32790108771327287,0.45318312799961796,0.1252820402863451,1,1
2,0,38,laso,0.3317732465902977,0.48923186968290056,0.15745862309260283,1,1
2,0,38,lopo,0.4611654141577127,0.12495338817111282,-0.33621202598659994,1,1
2,0,39,laso,0.09973209505099911,0.6278255302364842,0.5280934351854851,1,1
2,0,39,lopo,0.09366020849331096,0.369848269764659,0.27618806127134804,1,1
2,0,40,laso,0.5477749922457111,0.4793486530917068,-0.06842633915400431,1,1
2,0,40,lopo,0.6991961591275829,0.21751698873963693,-0.481679170387946,1,1
2,0,41,laso,-0.06435029173744872,0.2855585613891211,0.34990885312656983,1,1
2,0,41,lopo,0.03558202153549576,0.15584270141599613,0.12026067988050038,1,1
2,0,42,laso,0.22357206391597584,0.7636759197479462,0.5401038558319704,1,1
2,0,42,lopo,0.33647329557691213,0.6097499546676478,0.2732766590907357,1,1
2,0,43,laso,0.0762761194589942,0.5562130800119907,0.47993696055299645,1,1
2,0,43,lopo,0.11130441451250862,0.3700560640057075,0.2587516494931989,1,1
2,0,44,laso,0.113549587230827,0.40632547227674615,0.2927758850459191,1,1
2,0,44,lopo,0.14232383983032806,0.09595148867445044,-0.04637235115587762,1,1
2,0,45,laso,0.3769359837170715,0.6323498405693858,0.2554138568523143,1,1
2,0,45,lopo,0.5674020744809158,0.5818150294837223,0.014412955002806482,1,1
2,0,46,laso,0.46580598127795253,0.315449910126634,-0.15035607115131855,1,1
2,0,46,lopo,0.5846139683744673,0.05202023115778627,-0.532593737216681,1,1
2,0,47,laso,0.2694142317740095,0.4925378974906112,0.2231236657166017,1,1
2,0,47,lopo,0.3791951752163373,0.30081732125553184,-0.07837785396080543,1,1
2,0,48,laso,0.370250737042324,0.7481449167091017,0.3778941796667777,1,1
2,0,48,lopo,0.500087461549006,0.5215060431346424,0.021418581585636476,1,1
2,0,49,laso,0.4581071926928135,0.9124270731945449,0.45431988050173133,1,1
2,0,49,lopo,0.5707896831553467,0.668053871313636,0.0972641881582893,1,1
3,0,0,laso,-0.13834052264259544,0.415438480446382,0.5537790030889774,-1,0
3,0,0,lopo,0.11062183579810485,0.3089411873975868,0.19831935159948194,-1,0
3,0,1,laso,-0.04805055110942752,0.6575720654377073,0.7056226165471349,1,1
3,0,1,lopo,0.504043184137547,0.4328022197031161,-0.0712409644344309,1,1
3,0,2,laso,-0.04491926224657552,0.3987607316565544,0.4436799939031299,-1,0
3,0,2,lopo,0.2375691178548752,0.2079980207844609,-0.029571097070414304,-1,0
3,0,3,laso,0.07417782622623753,0.6777687962780075,0.6035909700517699,-1,0
3,0,3,lopo,0.45415011682404577,0.5422708292875089,0.08812071246346315,-1,0
3,0,4,laso,-0.016994264740443115,0.5041399279300185,0.5211341926704616,-1,0
3,0,4,lopo,0.1646433699466269,0.29390639741443814,0.12926302746781124,-1,0
3,0,5,laso,-0.09147348868591544,0.6201232750102725,0.711596763696188,1,1
3,0,5,lopo,0.15320145750737268,0.39192163336710273,0.23872017585973004,1,1
3,0,6,laso,0.034440483136009996,0.6259555282148636,0.5915150450788536,-1,0
3,0,6,lopo,0.27136950020334577,0.37537361483833764,0.10400411463499187,-1,0
3,0,7,laso,0.0017264240690407205,0.651431470353654,0.6497050462846133,1,1
3,0,7,lopo,0.2269521523567864,0.49012863091193437,0.263176478555148,1,1
3,0,8,laso,0.0003034635441318854,0.5740432986426555,0.5737398350985236,1,1
3,0,8,lopo,0.24224034426017235,0.3828206081974296,0.14058026393725723,1,1
3,0,9,laso,0.11800259345308062,0.7361262886913508,0.6181236952382702,-1,0
3,0,9,lopo,0.47764522812504373,0.5605324171249457,0.082887188999902,-1,0
3,0,10,laso,0.2392135556414306,0.7056516159527436,0.466438060311313,1,1
3,0,10,lopo,0.5124562635532873,0.4376282784271754,-0.07482798512611194,1,1
3,0,11,laso,-0.06026451685227762,0.6833303991172949,0.7435949159695725,1,1
3,0,11,lopo,0.4352496596599912,0.5872664356770456,0.15201677601705443,1,1
3,0,12,laso,-0.13647745112170484,0.7938547885440402,0.9303322396657451,1,1
3,0,12,lopo,0.19114273162159523,0.4833561553311143,0.2922134237095191,1,1
3,0,13,laso,-0.016657544187230616,0.47420875981979627,0.4908663040070269,-1,0
3,0,13,lopo,0.31593764226964843,0.2598883272113815,-0.056049315058266935,-1,0
3,0,14,laso,-0.2782912003504882,0.2501531538834153,0.5284443542339035,-1,0
3,0,14,lopo,0.1891997554753464,0.07469870138111227,-0.11450105409423413,-1,0
3,0,15,laso,-0.029331574077509574,0.5566722666759737,0.5860038407534832,1,1
3,0,15,lopo,0.3011838244984461,0.43343466491271393,0.13225084041426782,1,1
3,0,16,laso,-0.024702165841680064,0.6003546553089587,0.6250568211506388,-1,0
3,0,16,lopo,0.17392297956511468,0.4160554175350299,0.2421324379699152,-1,0
3,0,17,laso,0.07461688090255289,0.5777616903662185,0.5031448094636656,-1,0
3,0,17,lopo,0.434358727693345,0.5134342192349574,0.07907549154161236,-1,0
3,0,18,laso,0.08825647642377213,0.6796357302413627,0.5913792538175906,-1,0
3,0,18,lopo,0.3817968113885014,0.4562335575315903,0.07443674614308887,-1,0
3,0,19,laso,0.13612996788228102,0.7128819408396466,0.5767519729573656,1,1
3,0,19,lopo,0.40351580496401557,0.4321801570267604,0.028664352062744813,1,1
3,0,20,laso,-0.02846503875468323,0.5788015544546405,0.6072665932093237,-1,0
3,0,20,lopo,0.18233364838392885,0.3633034294766258,0.18096978109269696,-1,0
3,0,21,laso,0.08037344701770377,0.8169221534628093,0.7365487064451055,1,1
3,0,21,lopo,0.5173088089310983,0.6637570041673514,0.14644819523625308,1,1
3,0,22,laso,-0.0961221835996724,0.4930046260215346,0.589126809621207,1,1
3,0,22,lopo,0.30600118730299847,0.3600371436925037,0.05403595638950526,1,1
3,0,23,laso,-0.23562807172169054,0.30284930775021424,0.5384773794719048,-1,0
3,0,23,lopo,0.1461564752752107,0.14983612075576594,0.0036796454805552437,-1,0
3,0,24,laso,-0.022412319865986602,0.5447123352639,0.5671246551298865,1,1
3,0,24,lopo,0.0939032051754023,0.2383862583373145,0.1444830531619122,1,1
3,0,25,laso,-0.40048167417674696,0.21823221866937048,0.6187138928461174,-1,0
3,0,25,lopo,0.05794184620526168,0.11129041211506709,0.053348565909805405,-1,0
3,0,26,laso,0.24612373060622006,0.7646640490157993,0.5185403184095793,0,0
3,0,26,lopo,0.5360241404421024,0.605376112039689,0.06935197159758655,0,0
3,0,27,laso,-0.11212848683523084,0.4990585794988428,0.6111870663340736,1,1
3,0,27,lopo,0.2617633376241388,0.44022141000758114,0.17845807238344236,1,1
3,0,28,laso,0.04161519290665185,0.5148481687456262,0.4732329758389744,-1,0
3,0,28,lopo,0.4355599616964219,0.4084661972063939,-0.02709376449002804,-1,0
3,0,29,laso,-0.07772973306616232,0.7492054542091768,0.8269351872753392,1,1
3,0,29,lopo,0.2822438571735077,0.5173686191441544,0.23512476197064675,1,1
3,0,30,laso,-0.3986639205068936,0.5330818426019172,0.9317457631088107,1,1
3,0,30,lopo,-0.07148585651860176,0.49895809351937814,0.5704439500379799,1,1
3,0,31,laso,-0.0673892236191446,0.6855210564100411,0.7529102800291857,1,1
3,0,31,lopo,0.17993296724774094,0.4104071751512267,0.23047420790348577,1,1
3,0,32,laso,-0.11523500503726428,0.3197872368123186,0.4350222418495828,-1,0
3,0,32,lopo,0.15111712864021223,0.13335822086826285,-0.017758907771949384,-1,0
3,0,33,laso,-0.022130622775716632,0.5185636848898756,0.5406943076655922,-1,0
3,0,33,lopo,0.1613317664088027,0.3941472033024107,0.232815436893608,-1,0
3,0,34,laso,0.0313275671980486,0.5563668471227251,0.5250392799246765,-1,0
3,0,34,lopo,0.3890568314107552,0.39558676966121226,0.006529938250457057,-1,0
3,0,35,laso,-0.08333474435361406,0.5922885663692762,0.6756233107228903,1,1
3,0,35,lopo,0.30923345175377753,0.3468810698825806,0.03764761812880307,1,1
3,0,36,laso,-0.04403582919112314,0.5834525006786253,0.6274883298697485,1,1
3,0,36,lopo,0.17705484404967983,0.29096249093312093,0.1139076468834411,1,1
3,0,37,laso,-0.010277912632499546,0.7202050227571255,0.730482935389625,-1,0
3,0,37,lopo,0.28040155575175846,0.4247103271896605,0.14430877143790205,-1,0
3,0,38,laso,-0.012051106175759588,0.5938579570761362,0.6059090632518958,-1,0
3,0,38,lopo,0.4233891084407261,0.4314159129056058,0.008026804464879744,-1,0
3,0,39,laso,-0.017328905078217452,0.6212534135622805,0.638582318640498,1,1
3,0,39,lopo,0.2567955117040544,0.38931641730539523,0.13252090560134083,1,1
3,0,40,laso,-0.1251322065332146,0.4628903839985072,0.5880225905317218,-1,0
3,0,40,lopo,0.36179783033079477,0.28122533056966476,-0.08057249976113001,-1,0
3,0,41,laso,-0.10558279838343329,0.5526391623785952,0.6582219607620285,1,1
3,0,41,lopo,0.14411013445684434,0.28214454211627493,0.1380344076594306,1,1
3,0,42,laso,-0.07627381441125404,0.580175076852222,0.656448891263476,-1,0
3,0,42,lopo,0.33017482398416437,0.4591357070938256,0.12896088310966125,-1,0
3,0,43,laso,-0.06082912526024871,0.514352529222851,0.5751816544830998,0,0
3,0,43,lopo,0.2686107795383497,0.3601195848593874,0.09150880532103767,0,0
3,0,44,laso,-0.06767832166419314,0.5065950990188456,0.5742734206830388,1,1
3,0,44,lopo,0.03535598670474218,0.24993263474350116,0.21457664803875898,1,1
3,0,45,laso,0.17247057749512493,0.6999152558961445,0.5274446784010195,-1,0
3,0,45,lopo,0.5123461123347052,0.4474220659111808,-0.0649240464235244,-1,0
3,0,46,laso,0.07705716257148061,0.6850827052953176,0.6080255427238369,1,1
3,0,46,lopo,0.37598519626291577,0.544369060797455,0.16838386453453918,1,1
3,0,47,laso,-0.11525906932021149,0.5441319300115883,0.6593909993317998,-1,0
3,0,47,lopo,0.19668781525162576,0.38498989920854304,0.18830208395691728,-1,0
3,0,48,laso,-0.060247113738719604,0.6520846136247804,0.7123317273635,1,1
3,0,48,lopo,0.29820126389733975,0.45311834827520897,0.15491708437786922,1,1
3,0,49,laso,-0.01236178306776776,0.4857871614909258,0.4981489445586936,-1,0
3,0,49,lopo,0.2961276899729255,0.35355149730528634,0.057423807332360854,-1,0
0,1,0,laso,0.4014166757841332,0.9013228564584946,0.49990618067436143,0,1
0,1,0,lopo,0.46127792791073763,0.7816752093162709,0.32039728140553325,0,1
0,1,1,laso,0.40480634121273174,0.6846292284434584,0.2798228872307267,0,1
0,1,1,lopo,0.4550707480776671,0.4833504383721473,0.028279690294480186,0,1
0,1,2,laso,0.3897567342639291,0.6266428857303283,0.23688615146639924,0,1
0,1,2,lopo,0.40238234427424013,0.512976910717601,0.11059456644336085,0,1
0,1,3,laso,0.3262108496459497,0.9136644284958373,0.5874535788498876,0,1
0,1,3,lopo,0.4141749938456596,0.79695256955302,0.3827775757073604,0,1
0,1,4,laso,0.22710425550330782,0.5492360591421281,0.3221318036388203,0,1
0,1,4,lopo,0.3036637909574097,0.41629120060542324,0.11262740964801354,0,1
0,1,5,laso,0.23639868320098567,0.8083081551585337,0.571909471957548,0,1
0,1,5,lopo,0.4269722315661366,0.7669105302345973,0.3399382986684607,0,1
0,1,6,laso,0.35723190587690534,0.8440396481363465,0.4868077422594411,0,1
0,1,6,lopo,0.4720409831321217,0.7174079555544417,0.24536697242231997,0,1
0,1,7,laso,0.3242179139286404,0.7984705066381627,0.47425259270952225,0,1
0,1,7,lopo,0.48360146385992164,0.8318181288444458,0.3482166649845242,0,1
0,1,8,laso,0.10503491004015741,0.8594952993743078,0.7544603893341504,0,1
0,1,8,lopo,0.22402765642990785,0.6762190667198478,0.4521914102899399,0,1
0,1,9,laso,0.21592083943362983,0.6393850886183482,0.42346424918471837,0,1
0,1,9,lopo,0.24135201596473999,0.546732878525964,0.305380862561224,0,1
0,1,10,laso,0.33126403529748083,0.7677977648105163,0.4365337295130355,0,1
0,1,10,lopo,0.4669861110861395,0.7447294779753333,0.27774336688919377,0,1
0,1,11,laso,0.4102371983726859,0.8003576877554217,0.3901204893827358,0,1
0,1,11,lopo,0.41534754372548555,0.5383059729629077,0.12295842923742217,0,1
0,1,12,laso,0.2918817507133983,0.7689047648715673,0.47702301415816906,0,1
0,1,12,lopo,0.4375844838368065,0.7067504273134781,0.26916594347667167,0,1
0,1,13,laso,0.4890762800062475,0.7388040723289162,0.24972779232266873,0,1
0,1,13,lopo,0.5912729623277874,0.6652225600279591,0.07394959770017173,0,1
0,1,14,laso,0.20645125306174494,0.5665410994821507,0.36008984642040576,0,1
0,1,14,lopo,0.2068620720856944,0.41446605484119103,0.20760398275549663,0,1
0,1,15,laso,0.3950829632981123,0.771963174536997,0.3768802112388847,0,1
0,1,15,lopo,0.550749486648924,0.7595329324437485,0.20878344579482455,0,1
0,1,16,laso,0.2018102646546699,0.6618985275010294,0.4600882628463595,0,1
0,1,16,lopo,0.19358139028177757,0.45790477257326023,0.26432338229148267,0,1
0,1,17,laso,0.39683845450552335,0.6014155672431032,0.20457711273757984,0,1
0,1,17,lopo,0.43825464663942226,0.4991786174503485,0.060923970810926265,0,1
0,1,18,laso,0.16111918999059038,0.8879039738980252,0.7267847839074348,0,1
0,1,18,lopo,0.33634168247952767,0.7833801111190826,0.4470384286395549,0,1
0,1,19,laso,0.4611817638450567,0.7275650659661349,0.2663833021210782,0,1
0,1,19,lopo,0.41065806736820776,0.5319917866180777,0.12133371924986991,0,1
0,1,20,laso,0.49694933678563635,0.8564108360124182,0.35946149922678183,0,1
0,1,20,lopo,0.49634970365815023,0.6917408234197834,0.19539111976163315,0,1
0,1,21,laso,0.18492528809627695,0.8247245855855487,0.6397992974892718,0,1
0,1,21,lopo,0.33356240302829987,0.7389429134965801,0.4053805104682803,0,1
0,1,22,laso,0.15396176506418446,0.9398774400741403,0.7859156750099558,0,1
0,1,22,lopo,0.4298627347775392,0.824653634148184,0.3947908993706448,0,1
0,1,23,laso,0.5260050246349288,0.7519166380880139,0.22591161345308508,0,1
0,1,23,lopo,0.626436516721832,0.7055403591770286,0.07910384245519664,0,1
0,1,24,laso,0.13052259695513657,0.5872909696962185,0.45676837274108195,0,1
0,1,24,lopo,0.39828760173072353,0.6072298911518992,0.20894228942117565,0,1
0,1,25,laso,0.30970560565637517,0.6723897486262856,0.3626841429699105,0,1
0,1,25,lopo,0.4308872709909959,0.5948812483417858,0.1639939773507899,0,1
0,1,26,laso,0.3677598741515389,1.0488008199291678,0.681040945777629,0,1
0,1,26,lopo,0.5152155349611686,0.9788624463239292,0.4636469113627606,0,1
0,1,27,laso,0.22593512025744433,0.48487118729954204,0.2589360670420977,0,1
0,1,27,lopo,0.25214404744814756,0.4087741809463481,0.15663013349820054,0,1
0,1,28,laso,0.2643420498340965,0.6725516435238601,0.4082095936897636,0,1
0,1,28,lopo,0.3051636491683539,0.4988388722948537,0.19367522312649976,0,1
0,1,29,laso,0.29467888870559633,0.45339298948601814,0.1587141007804218,0,1
0,1,29,lopo,0.3677788773643723,0.39903532124168817,0.031256443877315854,0,1
0,1,30,laso,0.37119810518201246,0.9051348681784765,0.5339367629964641,0,1
0,1,30,lopo,0.444876639929085,0.6738295560892429,0.2289529161601579,0,1
0,1,31,laso,0.37221482899885394,0.9860945242708541,0.6138796952720001,0,1
0,1,31,lopo,0.4080825862788655,0.7178080226815778,0.30972543640271233,0,1
0,1,32,laso,0.09609863729000345,0.5577426258634962,0.46164398857349276,0,1
0,1,32,lopo,0.2733565855354285,0.46620938021225267,0.19285279467682415,0,1
0,1,33,laso,0.1541209937625957,0.5280315843679755,0.3739105906053798,0,1
0,1,33,lopo,0.1335015468828089,0.3289574586012892,0.1954559117184803,0,1
0,1,34,laso,0.4509675961586075,0.8093353042555143,0.35836770809690677,0,1
0,1,34,lopo,0.4807881559094628,0.6540002555554809,0.17321209964601814,0,1
0,1,35,laso,0.5180511447071872,0.7867452913576511,0.268694146650464,0,1
0,1,35,lopo,0.5791600404069398,0.6408438285936846,0.0616837881867448,0,1
0,1,36,laso,0.5199144916971454,0.8742283430660497,0.35431385136890425,0,1
0,1,36,lopo,0.40396178498385404,0.6656680070472318,0.2617062220633778,0,1
0,1,37,laso,0.6039710369504105,0.956973568504275,0.3530025315538644,0,1
0,1,37,lopo,0.6433380408746752,0.7932504602962993,0.14991241942162414,0,1
0,1,38,laso,0.5366554894382555,1.1427324409505992,0.6060769515123438,0,1
0,1,38,lopo,0.5584111971053396,0.8787694893716316,0.320358292266292,0,1
0,1,39,laso,0.13084724324438335,0.8182340694836243,0.687386826239241,0,1
0,1,39,lopo,0.255499599538238,0.6527824064195673,0.39728280688132933,0,1
0,1,40,laso,0.26511540198534733,0.6999470757762681,0.4348316737909208,0,1
0,1,40,lopo,0.39204513578823086,0.609128398046036,0.21708326225780517,0,1
0,1,41,laso,0.23620593411851287,0.6703066300302589,0.43410069591174605,0,1
0,1,41,lopo,0.4549007369770066,0.7131295652921944,0.2582288283151878,0,1
0,1,42,laso,0.2330441664051952,0.6035382464063075,0.3704940800011123,0,1
0,1,42,lopo,0.26549609593839196,0.5111444915145787,0.24564839557618678,0,1
0,1,43,laso,0.19836084604741155,0.539427857605206,0.3410670115577944,0,1
0,1,43,lopo,0.2896034961290057,0.5414611118323787,0.25185761570337295,0,1
0,1,44,laso,0.48301384340340103,0.8357170588888518,0.3527032154854508,0,1
0,1,44,lopo,0.4610196572058992,0.6289470137275004,0.16792735652160118,0,1
0,1,45,laso,0.21480463036956898,0.6328296083475268,0.4180249779779578,0,1
0,1,45,lopo,0.3211497549681882,0.5486141597551589,0.22746440478697072,0,1
0,1,46,laso,0.5552288478078687,0.7539270975763056,0.19869824976843686,0,1
0,1,46,lopo,0.6796854324717714,0.7270253391665196,0.04733990669474819,0,1
0,1,47,laso,0.3023990475664925,0.6308828599931354,0.32848381242664293,0,1
0,1,47,lopo,0.3029787420566944,0.44984030223013305,0.14686156017343865,0,1
0,1,48,laso,0.34897339667189875,0.8330870804941777,0.48411368382227893,0,1
0,1,48,lopo,0.5439936894693956,0.8172491987312933,0.2732555092618977,0,1
0,1,49,laso,0.4437543363510673,0.8870368269532211,0.44328249060215374,0,1
0,1,49,lopo,0.51103522615917,0.7426552135272027,0.2316199873680327,0,1
3,1,0,laso,0.20225202054929714,0.6590903801407859,0.4568383595914888,0,1
3,1,0,lopo,-0.11862172524300507,0.46894703559478124,0.5875687608377863,0,1
3,1,1,laso,0.21068600813488847,0.9190598170609846,0.7083738089260961,0,1
3,1,1,lopo,0.021495842414858246,0.6887042892398091,0.6672084468249508,0,1
3,1,2,laso,-0.0005782958836817453,0.6455788772813618,0.6461571731650435,0,1
3,1,2,lopo,-0.1612197231578678,0.6009622982707031,0.7621820214285709,0,1
3,1,3,laso,0.46471506796841755,0.9386057575394777,0.4738906895710602,0,1
3,1,3,lopo,0.3796207902551706,0.8913653384731801,0.5117445482180095,0,1
3,1,4,laso,0.6024911693513952,1.1461325139034766,0.5436413445520814,0,1
3,1,4,lopo,0.5284458654263657,1.015575129803418,0.4871292643770522,0,1
3,1,5,laso,0.2225470705607583,0.7361538191967725,0.5136067486360142,0,1
3,1,5,lopo,-0.08073649758085533,0.5857014570354508,0.6664379546163062,0,1
3,1,6,laso,0.5051084765280893,1.0091766694358228,0.5040681929077335,0,1
3,1,6,lopo,0.3103312372299575,0.8642432950910498,0.5539120578610923,0,1
3,1,7,laso,0.14944432845692157,0.8269360163120925,0.6774916878551709,0,1
3,1,7,lopo,-0.09373592176137224,0.5543497246314937,0.6480856463928659,0,1
3,1,8,laso,0.21221474103425408,0.9496002723610326,0.7373855313267785,0,1
3,1,8,lopo,-0.029924751872385302,0.7696691740094,0.7995939258817854,0,1
3,1,9,laso,0.4023182354605326,0.939316324418452,0.5369980889579195,0,1
3,1,9,lopo,0.4589979712953387,1.037627113329421,0.5786291420340823,0,1
3,1,10,laso,0.4709891565677191,0.9592575338003658,0.4882683772326467,0,1
3,1,10,lopo,0.45194127864821854,0.8979042414131375,0.445962962764919,0,1
3,1,11,laso,0.25646929756164505,0.8150776137930174,0.5586083162313723,-1,0
3,1,11,lopo,0.07092289770636195,0.7608284457592335,0.6899055480528715,-1,0
3,1,12,laso,0.05385209263732871,0.7731442497007169,0.7192921570633882,0,1
3,1,12,lopo,0.03559473670528834,0.7551525934133535,0.7195578567080652,0,1
3,1,13,laso,0.014944470545897981,0.5913646566155137,0.5764201860696158,0,1
3,1,13,lopo,-0.356679874600244,0.29550058785941513,0.6521804624596591,0,1
3,1,14,laso,0.49126207131153976,1.016872047961579,0.5256099766500392,0,1
3,1,14,lopo,0.5092179901387268,0.9698586556276166,0.4606406654888898,0,1
3,1,15,laso,0.3216076283016258,0.5539092221208248,0.23230159381919901,0,1
3,1,15,lopo,0.025342728120534286,0.28741228175833855,0.26206955363780426,0,1
3,1,16,laso,0.6529556169071306,1.184328598858045,0.5313729819509144,0,1
3,1,16,lopo,0.5928701055450661,1.2281091550984347,0.6352390495533685,0,1
3,1,17,laso,0.1976885730856136,0.836862662620669,0.6391740895350554,0,1
3,1,17,lopo,0.161864241769469,0.834752022241566,0.672887780472097,0,1
3,1,18,laso,0.3214977957030213,0.9495327150820863,0.628034919379065,0,1
3,1,18,lopo,0.152004900861353,0.7738519875472301,0.6218470866858771,0,1
3,1,19,laso,0.18328844824060797,0.8354754457323834,0.6521869974917754,0,1
3,1,19,lopo,0.004678080423404785,0.643958599657728,0.6392805192343232,0,1
3,1,20,laso,0.23506006480644304,0.8764749936203772,0.6414149288139341,0,1
3,1,20,lopo,0.013212397080174632,0.6861747737225801,0.6729623766424054,0,1
3,1,21,laso,0.2226414206729681,0.6135654019112609,0.39092398123829275,0,1
3,1,21,lopo,-0.16709649178087993,0.2879632991041353,0.45505979088501525,0,1
3,1,22,laso,0.060415176543118676,0.6239605751246495,0.5635453985815309,0,1
3,1,22,lopo,-0.1712474517849245,0.42976408824521084,0.6010115400301353,0,1
3,1,23,laso,0.21914544976768435,0.7850276713180505,0.5658822215503662,0,1
3,1,23,lopo,-0.11686383662623712,0.4807279215397666,0.5975917581660037,0,1
3,1,24,laso,0.22514987260354047,1.1160478216400427,0.8908979490365022,0,1
3,1,24,lopo,0.09992943886812711,0.9902852102616748,0.8903557713935477,0,1
3,1,25,laso,0.08314907612609246,0.6288473973719317,0.5456983212458393,0,1
3,1,25,lopo,-0.21690803968518613,0.41029371850324625,0.6272017581884324,0,1
3,1,26,laso,0.17636648031171587,0.68683624513899,0.5104697648272741,0,1
3,1,26,lopo,-0.05876598378621778,0.5419581693769855,0.6007241531632033,0,1
3,1,27,laso,0.07635922040658882,0.6731191432844211,0.5967599228778323,0,1
3,1,27,lopo,-0.1425390417284711,0.5937461594060935,0.7362852011345646,0,1
3,1,28,laso,0.17346021908644882,0.9989326772676599,0.8254724581812111,0,1
3,1,28,lopo,-0.013328061066497643,0.8616209406426732,0.8749490017091709,0,1
3,1,29,laso,0.27840172609504343,0.8240909088048969,0.5456891827098534,0,1
3,1,29,lopo,0.14711787369152285,0.6772605327852348,0.5301426590937119,0,1
3,1,30,laso,0.070330779207054,0.6541025107106853,0.5837717315036313,0,1
3,1,30,lopo,-0.14790017690278212,0.4900245776620451,0.6379247545648272,0,1
3,1,31,laso,0.048871840080766615,0.8330260397878338,0.7841541997070672,0,1
3,1,31,lopo,-0.16418700853652068,0.7687192860399834,0.9329062945765041,0,1
3,1,32,laso,0.37051582978056274,0.8361402297188247,0.465624399938262,0,1
3,1,32,lopo,0.27251150599393315,0.8170042039261963,0.5444926979322632,0,1
3,1,33,laso,0.16284643011974786,0.6454989213052071,0.4826524911854593,0,1
3,1,33,lopo,-0.12321598459156191,0.31415145149976376,0.43736743609132567,0,1
3,1,34,laso,0.1871641587203362,0.8246276830015108,0.6374635242811746,0,1
3,1,34,lopo,-0.06046714948069809,0.6612553218432016,0.7217224713238997,0,1
3,1,35,laso,0.5033396906325653,1.036783734712924,0.5334440440803587,0,1
3,1,35,lopo,0.3175750059844079,0.9259941803646096,0.6084191743802017,0,1
3,1,36,laso,0.1693298412719828,0.5897497763163301,0.42041993504434727,0,1
3,1,36,lopo,-0.1255791398649988,0.3636654931067408,0.4892446329717396,0,1
3,1,37,laso,0.08406756623943179,0.49355311687411285,0.40948555063468106,0,1
3,1,37,lopo,-0.07527604683710853,0.3855057982597221,0.4607818450968306,0,1
3,1,38,laso,0.6082793019688573,1.0335843778714415,0.42530507590258426,0,1
3,1,38,lopo,0.5605362545126649,1.118618577443742,0.5580823229310772,0,1
3,1,39,laso,0.24390691370589623,0.6566958727844194,0.4127889590785232,0,1
3,1,39,lopo,-0.05961954225872956,0.45623601819924575,0.5158555604579753,0,1
3,1,40,laso,0.24734569028446363,0.520250320627104,0.27290463034264034,0,1
3,1,40,lopo,0.08993717393676959,0.35927183455778056,0.26933466062101097,0,1
3,1,41,laso,0.10570491690106698,0.8056612796078463,0.6999563627067793,0,1
3,1,41,lopo,-0.02342363458935326,0.7522866339925995,0.7757102685819528,0,1
3,1,42,laso,0.319755447074321,0.7233870818200746,0.4036316347457536,0,1
3,1,42,lopo,0.05631074510294054,0.6170726025441143,0.5607618574411738,0,1
3,1,43,laso,0.11495747451414229,0.7545927313946953,0.639635256880553,0,1
3,1,43,lopo,-0.12528016715404378,0.5922475055393566,0.7175276726934003,0,1
3,1,44,laso,0.41189874889384925,0.9988440980358037,0.5869453491419544,0,1
3,1,44,lopo,0.3946264643708045,0.997683805005516,0.6030573406347115,0,1
3,1,45,laso,0.2633970729951528,0.6333740181711573,0.36997694517600455,0,1
3,1,45,lopo,0.04806611660151672,0.5367092361442751,0.4886431195427584,0,1
3,1,46,laso,0.08880264781879454,0.5922669880876746,0.5034643402688801,0,1
3,1,46,lopo,-0.1425933461116733,0.3697040126949206,0.5122973588065939,0,1
3,1,47,laso,0.25582370874096116,0.9131489840965916,0.6573252753556305,0,1
3,1,47,lopo,0.011652589498491572,0.6847709791278389,0.6731183896293473,0,1
3,1,48,laso,0.17752893793034985,0.7424857332417204,0.5649567953113706,0,1
3,1,48,lopo,0.026758084619467715,0.6444493302390569,0.6176912456195892,0,1
3,1,49,laso,0.3829175099449983,1.004814076499171,0.6218965665541728,0,1
3,1,49,lopo,0.20006848787954856,0.9357574765872484,0.7356889887076998,0,1
