family,model,readout,factor,seed,point,ci_lower,ci_upper,probability_positive
coordinate_relative_minus_absolute,openvla,prompt_end,foreground_macro_f1,42,-0.001143757615179819,-0.004476552787202673,0.0022009380808437383,0.2692
coordinate_relative_minus_absolute,openvla,action_boundary,foreground_macro_f1,42,-0.008228324660292441,-0.012242717048276081,-0.0043752718496298595,0.0
coordinate_relative_minus_absolute,openvla,visual_mean,foreground_macro_f1,42,-0.46553163453859026,-0.4706505348783256,-0.46096737212145444,0.0
coordinate_relative_minus_absolute,openvla,prompt_end,foreground_macro_f1,43,-0.00375608863217447,-0.006749226016650231,-0.0007153368347145338,0.0069
coordinate_relative_minus_absolute,openvla,action_boundary,foreground_macro_f1,43,-0.008575118719581831,-0.011971450496147618,-0.00528834369602895,0.0
coordinate_relative_minus_absolute,openvla,visual_mean,foreground_macro_f1,43,-0.4694507652459835,-0.4779065674494463,-0.4653426630222439,0.0
coordinate_relative_minus_absolute,openvla,prompt_end,foreground_macro_f1,44,-0.005081310456728438,-0.00843820301254151,-0.0015916972015452581,0.0021
coordinate_relative_minus_absolute,openvla,action_boundary,foreground_macro_f1,44,-0.001741228256828764,-0.005717813358109522,0.0022740378391840578,0.1966
coordinate_relative_minus_absolute,openvla,visual_mean,foreground_macro_f1,44,-0.47377325621825267,-0.48163982619725326,-0.4669369801528704,0.0
prompt_aware_minus_visual,openvla,prompt_end,target_xyz,42,0.5360739640891552,0.5172121829353273,0.562652415316552,1.0
prompt_aware_minus_visual,openvla,prompt_end,target_to_eef_xyz,42,0.4476642832159996,0.4191293200477958,0.484103706292808,1.0
prompt_aware_minus_visual,openvla,prompt_end,target_to_basket_xyz,42,0.5296442285180092,0.5110415315255523,0.556034473516047,1.0
prompt_aware_minus_visual,openvla,prompt_end,target_displacement_xyz,42,0.4649972766637802,0.41675140280276535,0.49823914729058744,1.0
prompt_aware_minus_visual,openvla,prompt_end,phase_coarse,42,0.28659340034399083,0.2686035376213787,0.3078937227873698,1.0
prompt_aware_minus_visual,openvla,action_boundary,target_xyz,42,0.4925754629075527,0.4680098624899983,0.5225055700168013,1.0
prompt_aware_minus_visual,openvla,action_boundary,target_to_eef_xyz,42,0.42010369151830673,0.39035890996456146,0.45691637974232435,1.0
prompt_aware_minus_visual,openvla,action_boundary,target_to_basket_xyz,42,0.4945836588740349,0.4749799191020429,0.5190957020968199,1.0
prompt_aware_minus_visual,openvla,action_boundary,target_displacement_xyz,42,0.41126520931720734,0.3521642037667334,0.452650929428637,1.0
prompt_aware_minus_visual,openvla,action_boundary,phase_coarse,42,0.2714128682074807,0.25303109946370234,0.29119110691556066,1.0
prompt_aware_minus_visual,openvla,prompt_end,target_xyz,43,0.5379958525300026,0.5186775585636496,0.5657708624377846,1.0
prompt_aware_minus_visual,openvla,prompt_end,target_to_eef_xyz,43,0.40303900837898254,0.3755147155374289,0.4322504289448261,1.0
prompt_aware_minus_visual,openvla,prompt_end,target_to_basket_xyz,43,0.5179967023432255,0.4953845086507499,0.5471818339079618,1.0
prompt_aware_minus_visual,openvla,prompt_end,target_displacement_xyz,43,0.4948482885956764,0.43421762976795436,0.5378234070725739,1.0
prompt_aware_minus_visual,openvla,prompt_end,phase_coarse,43,0.28871211884938464,0.2734586470597123,0.3044572172723154,1.0
prompt_aware_minus_visual,openvla,action_boundary,target_xyz,43,0.44186269491910934,0.33054703306406735,0.5240503459237515,1.0
prompt_aware_minus_visual,openvla,action_boundary,target_to_eef_xyz,43,0.375000461935997,0.34265526235103605,0.404537695273757,1.0
prompt_aware_minus_visual,openvla,action_boundary,target_to_basket_xyz,43,0.4639055170118809,0.4378541462123394,0.4913976272568107,1.0
prompt_aware_minus_visual,openvla,action_boundary,target_displacement_xyz,43,0.4439772292971611,0.3829599798657,0.48829598212614655,1.0
prompt_aware_minus_visual,openvla,action_boundary,phase_coarse,43,0.29233773634305416,0.2774075080830499,0.306078327707924,1.0
prompt_aware_minus_visual,openvla,prompt_end,target_xyz,44,0.5541055910289288,0.5287989053875208,0.5878801103681326,1.0
prompt_aware_minus_visual,openvla,prompt_end,target_to_eef_xyz,44,0.44768138974905014,0.4167979585006833,0.48343236446380616,1.0
prompt_aware_minus_visual,openvla,prompt_end,target_to_basket_xyz,44,0.5383662469685078,0.5113069865852594,0.5719621591735631,1.0
prompt_aware_minus_visual,openvla,prompt_end,target_displacement_xyz,44,0.4732610434293747,0.40544570721685885,0.515706543251872,1.0
prompt_aware_minus_visual,openvla,prompt_end,phase_coarse,44,0.2773363940145708,0.26028209609351594,0.2951805884873071,1.0
prompt_aware_minus_visual,openvla,action_boundary,target_xyz,44,0.5519169829785824,0.5312789879739285,0.5824967307038605,1.0
prompt_aware_minus_visual,openvla,action_boundary,target_to_eef_xyz,44,0.42370014637708664,0.3783264054916799,0.4702887250110507,1.0
prompt_aware_minus_visual,openvla,action_boundary,target_to_basket_xyz,44,0.5275580920279026,0.5053598331287503,0.5591687491163612,1.0
prompt_aware_minus_visual,openvla,action_boundary,target_displacement_xyz,44,0.44798295199871063,0.38898810632526876,0.4866897315718234,1.0
prompt_aware_minus_visual,openvla,action_boundary,phase_coarse,44,0.28069811878154394,0.26020096702343853,0.2991495009719085,1.0
prompt_aware_minus_visual,pi05_prefix,prompt_end,target_xyz,42,0.28030701354146004,0.2271982645150274,0.33021318139508365,1.0
prompt_aware_minus_visual,pi05_prefix,prompt_end,target_to_eef_xyz,42,0.21581626683473587,0.16837046518921853,0.2579899840056896,1.0
prompt_aware_minus_visual,pi05_prefix,prompt_end,target_to_basket_xyz,42,0.2780328206717968,0.22508999072015284,0.32856798116117714,1.0
prompt_aware_minus_visual,pi05_prefix,prompt_end,target_displacement_xyz,42,0.2313138172030449,0.15558098508045076,0.28472983352839937,0.9999
prompt_aware_minus_visual,pi05_prefix,prompt_end,phase_coarse,42,0.16965254325986934,0.1456209676482078,0.19247704124670453,1.0
prompt_aware_minus_visual,pi05_prefix,prompt_end,target_xyz,43,0.35481851920485497,0.3098858836106956,0.40279044117778534,1.0
prompt_aware_minus_visual,pi05_prefix,prompt_end,target_to_eef_xyz,43,0.26113322377204895,0.22260676305741073,0.2978741595521569,1.0
prompt_aware_minus_visual,pi05_prefix,prompt_end,target_to_basket_xyz,43,0.33252429962158203,0.2852133851498365,0.3812488012481481,1.0
prompt_aware_minus_visual,pi05_prefix,prompt_end,target_displacement_xyz,43,0.24703647196292877,0.16892210831865667,0.3020118067972362,1.0
prompt_aware_minus_visual,pi05_prefix,prompt_end,phase_coarse,43,0.1931598790628809,0.1666918819023075,0.21812645936977879,1.0
prompt_aware_minus_visual,pi05_prefix,prompt_end,target_xyz,44,0.34608272835612297,0.30480689075775447,0.3919045803602785,1.0
prompt_aware_minus_visual,pi05_prefix,prompt_end,target_to_eef_xyz,44,0.2696629911661148,0.22857868438586593,0.3101443279534578,1.0
prompt_aware_minus_visual,pi05_prefix,prompt_end,target_to_basket_xyz,44,0.35895637795329094,0.31774121038615705,0.40572844007983805,1.0
prompt_aware_minus_visual,pi05_prefix,prompt_end,target_displacement_xyz,44,0.21617873013019562,0.13079580096527935,0.27100112671032545,0.9999
prompt_aware_minus_visual,pi05_prefix,prompt_end,phase_coarse,44,0.17766517830246842,0.1517235855895357,0.20111083789058537,1.0
prompt_aware_minus_visual,pi05_action_expert,expert_action_mean,target_xyz,42,0.3396700657904148,0.31540613537654283,0.36774872448295354,1.0
prompt_aware_minus_visual,pi05_action_expert,expert_action_mean,target_to_eef_xyz,42,0.24106597900390625,0.21673661582171916,0.2655579642392695,1.0
prompt_aware_minus_visual,pi05_action_expert,expert_action_mean,target_to_basket_xyz,42,0.33729614689946175,0.3125317681580782,0.3658154879696667,1.0
prompt_aware_minus_visual,pi05_action_expert,expert_action_mean,target_displacement_xyz,42,0.2670992910861969,0.21985892169177532,0.3041949459351599,1.0
prompt_aware_minus_visual,pi05_action_expert,expert_action_mean,phase_coarse,42,0.16847847794339788,0.1467922240605205,0.19057802277791683,1.0
prompt_aware_minus_visual,pi05_action_expert,expert_action_first,target_xyz,42,0.29278717562556267,0.26707911640405657,0.3210097420960665,1.0
prompt_aware_minus_visual,pi05_action_expert,expert_action_first,target_to_eef_xyz,42,0.17878857254981995,0.14981884248554705,0.20538463480770588,1.0
prompt_aware_minus_visual,pi05_action_expert,expert_action_first,target_to_basket_xyz,42,0.2883108891546726,0.26163046769797804,0.31792614413425324,1.0
prompt_aware_minus_visual,pi05_action_expert,expert_action_first,target_displacement_xyz,42,0.23268082737922668,0.180077494494617,0.27236461378633975,1.0
prompt_aware_minus_visual,pi05_action_expert,expert_action_first,phase_coarse,42,0.15172861036475305,0.13043487534219572,0.1718148255993447,1.0
prompt_aware_minus_visual,pi05_action_expert,expert_action_mean,target_xyz,43,0.37040768936276436,0.3419536793604493,0.4039882484823465,1.0
prompt_aware_minus_visual,pi05_action_expert,expert_action_mean,target_to_eef_xyz,43,0.24528617411851883,0.21888336837291716,0.2705713932402432,1.0
prompt_aware_minus_visual,pi05_action_expert,expert_action_mean,target_to_basket_xyz,43,0.3671141639351845,0.3376099199056625,0.4015888596419245,1.0
prompt_aware_minus_visual,pi05_action_expert,expert_action_mean,target_displacement_xyz,43,0.2823040187358856,0.22414969876408578,0.32324233250692486,1.0
prompt_aware_minus_visual,pi05_action_expert,expert_action_mean,phase_coarse,43,0.19588339504847396,0.17404155264981047,0.21826205859710573,1.0
prompt_aware_minus_visual,pi05_action_expert,expert_action_first,target_xyz,43,0.31294871494174004,0.27904279315844177,0.34939655484631654,1.0
prompt_aware_minus_visual,pi05_action_expert,expert_action_first,target_to_eef_xyz,43,0.22968755662441254,0.20359533382579684,0.2532420098781586,1.0
prompt_aware_minus_visual,pi05_action_expert,expert_action_first,target_to_basket_xyz,43,0.3121289536356926,0.2773751516826451,0.3502201855182647,1.0
prompt_aware_minus_visual,pi05_action_expert,expert_action_first,target_displacement_xyz,43,0.2617597132921219,0.20962891271337866,0.30169276185333727,1.0
prompt_aware_minus_visual,pi05_action_expert,expert_action_first,phase_coarse,43,0.1603392505283341,0.1407511517513429,0.18117764380157172,1.0
prompt_aware_minus_visual,pi05_action_expert,expert_action_mean,target_xyz,44,0.3875257410109043,0.3623956101946533,0.421274253539741,1.0
prompt_aware_minus_visual,pi05_action_expert,expert_action_mean,target_to_eef_xyz,44,0.3128024861216545,0.2889727182686329,0.3399380355142057,1.0
prompt_aware_minus_visual,pi05_action_expert,expert_action_mean,target_to_basket_xyz,44,0.3817800171673298,0.35557592418044803,0.4162843766156584,1.0
prompt_aware_minus_visual,pi05_action_expert,expert_action_mean,target_displacement_xyz,44,0.24591794610023499,0.19416808737441899,0.28561017122119664,1.0
prompt_aware_minus_visual,pi05_action_expert,expert_action_mean,phase_coarse,44,0.175957093861279,0.15657001189889155,0.19608654288761654,1.0
prompt_aware_minus_visual,pi05_action_expert,expert_action_first,target_xyz,44,0.3261408470571041,0.3012868095189333,0.35663679214194416,1.0
prompt_aware_minus_visual,pi05_action_expert,expert_action_first,target_to_eef_xyz,44,0.256919726729393,0.23137105498462915,0.2838195371441543,1.0
prompt_aware_minus_visual,pi05_action_expert,expert_action_first,target_to_basket_xyz,44,0.3215295784175396,0.29642333230003715,0.35191249442286787,1.0
prompt_aware_minus_visual,pi05_action_expert,expert_action_first,target_displacement_xyz,44,0.22639834880828857,0.15857093501836061,0.2733957772143185,1.0
prompt_aware_minus_visual,pi05_action_expert,expert_action_first,phase_coarse,44,0.1399257252222783,0.1210769729329432,0.1574535784635926,1.0
action_expert_minus_prefix,pi05,expert_action_mean,target_xyz,42,0.05936305224895477,0.02103891596198082,0.10582602722570299,0.9995
action_expert_minus_prefix,pi05,expert_action_mean,target_to_eef_xyz,42,0.02524971216917038,-0.0077602950856089595,0.0645187929272651,0.932
action_expert_minus_prefix,pi05,expert_action_mean,target_to_basket_xyz,42,0.05926332622766495,0.02103442419320345,0.10624736789613962,0.9994
action_expert_minus_prefix,pi05,expert_action_mean,target_displacement_xyz,42,0.03578547388315201,0.0037793762981891644,0.0832030253484845,0.9856
action_expert_minus_prefix,pi05,expert_action_mean,phase_coarse,42,-0.001174065316471462,-0.02515684202164374,0.024820769220913554,0.4874
action_expert_minus_prefix,pi05,expert_action_first,target_xyz,42,0.01248016208410263,-0.027812215313315392,0.05833997596055265,0.71
action_expert_minus_prefix,pi05,expert_action_first,target_to_eef_xyz,42,-0.037027694284915924,-0.07102150730788707,0.00024105720221995222,0.0254
action_expert_minus_prefix,pi05,expert_action_first,target_to_basket_xyz,42,0.010278068482875824,-0.030105540715157985,0.05590771753340959,0.6715
action_expert_minus_prefix,pi05,expert_action_first,target_displacement_xyz,42,0.0013670101761817932,-0.0359949441626668,0.05093009704723954,0.5804
action_expert_minus_prefix,pi05,expert_action_first,phase_coarse,42,-0.01792393289511629,-0.04137252284740521,0.005866784273839658,0.0696
action_expert_minus_prefix,pi05,expert_action_mean,target_xyz,43,0.015589170157909393,-0.016464615426957607,0.05078227166086435,0.8253
action_expert_minus_prefix,pi05,expert_action_mean,target_to_eef_xyz,43,-0.01584704965353012,-0.045478406734764575,0.013268772512674287,0.1547
action_expert_minus_prefix,pi05,expert_action_mean,target_to_basket_xyz,43,0.03458986431360245,0.0032714454457163818,0.07094960305839776,0.9858
action_expert_minus_prefix,pi05,expert_action_mean,target_displacement_xyz,43,0.03526754677295685,-0.008652799762785433,0.08888679537922144,0.9406
action_expert_minus_prefix,pi05,expert_action_mean,phase_coarse,43,0.0027235159855930613,-0.02020057146433431,0.027117125030161376,0.6004
action_expert_minus_prefix,pi05,expert_action_first,target_xyz,43,-0.04186980426311493,-0.07584590837359428,-0.007925200089812281,0.0089
action_expert_minus_prefix,pi05,expert_action_first,target_to_eef_xyz,43,-0.031445667147636414,-0.05676559749990701,-0.00577530935406687,0.008
action_expert_minus_prefix,pi05,expert_action_first,target_to_basket_xyz,43,-0.020395345985889435,-0.05352464970201254,0.014005725458264328,0.117
action_expert_minus_prefix,pi05,expert_action_first,target_displacement_xyz,43,0.014723241329193115,-0.03101328499615192,0.07232522975391474,0.7499
action_expert_minus_prefix,pi05,expert_action_first,phase_coarse,43,-0.032820628534546814,-0.05618389588038963,-0.008076505956301085,0.0052
action_expert_minus_prefix,pi05,expert_action_mean,target_xyz,44,0.04144301265478134,0.007057569548487664,0.07863955758512019,0.9904
action_expert_minus_prefix,pi05,expert_action_mean,target_to_eef_xyz,44,0.0431394949555397,0.00887192264199257,0.08245719391852616,0.9937
action_expert_minus_prefix,pi05,expert_action_mean,target_to_basket_xyz,44,0.02282363921403885,-0.008834733441472052,0.0566597532480955,0.9258
action_expert_minus_prefix,pi05,expert_action_mean,target_displacement_xyz,44,0.029739215970039368,-0.005495042353868484,0.08303794804960488,0.9498
action_expert_minus_prefix,pi05,expert_action_mean,phase_coarse,44,-0.001708084441189417,-0.02227943808977626,0.019605553321801267,0.4685
action_expert_minus_prefix,pi05,expert_action_first,target_xyz,44,-0.01994188129901886,-0.059427819587290286,0.019642410054802894,0.1511
action_expert_minus_prefix,pi05,expert_action_first,target_to_eef_xyz,44,-0.012743264436721802,-0.04525705650448799,0.022137477993965145,0.2231
action_expert_minus_prefix,pi05,expert_action_first,target_to_basket_xyz,44,-0.03742679953575134,-0.07418448366224766,-0.0017049003392458095,0.0205
action_expert_minus_prefix,pi05,expert_action_first,target_displacement_xyz,44,0.010219618678092957,-0.027276269532740115,0.06038631643168622,0.7327
action_expert_minus_prefix,pi05,expert_action_first,phase_coarse,44,-0.03773945308019011,-0.059210523196934234,-0.015973418035856505,0.0003
