readout,layer,valid_absolute,valid_target_alternative,valid_delta,test_absolute,test_target_alternative,test_delta
prompt_end,0,0.6380604389586098,0.6417152711829732,0.003654832224363469,0.6128808421187376,0.6259617258144214,0.013080883695683831
prompt_end,1,0.6871910275196857,0.6646283588935463,-0.022562668626139426,0.6867966579738081,0.6416284253816336,-0.045168232592174506
prompt_end,2,0.7509982750150561,0.7146929103149247,-0.03630536470013146,0.7547657558262011,0.6955944473038282,-0.059171308522372845
prompt_end,3,0.7522798270629887,0.7190487377430648,-0.03323108931992391,0.7510827626560439,0.6917318143860056,-0.059350948270038284
prompt_end,4,0.8099845445369669,0.7644015243828253,-0.04558302015414162,0.8091138872890569,0.7381836870654013,-0.07093020022365559
prompt_end,5,0.8116350476620621,0.7658637625283773,-0.04577128513368478,0.8081663749915966,0.7427818627353248,-0.06538451225627184
prompt_end,6,0.835873313013496,0.7930010120208328,-0.04287230099266315,0.8403819647220289,0.7730363240607387,-0.06734564066129012
prompt_end,7,0.8565456567641188,0.8287174163462381,-0.02782824041788068,0.8710877336846847,0.8466201666337178,-0.024467567050966976
prompt_end,8,0.8973724964537162,0.8819392361111111,-0.01543326034260506,0.9130984925426981,0.8947519921850152,-0.018346500357682927
prompt_end,9,0.9182286390714978,0.9160202912780233,-0.002208347793474452,0.9441726372902892,0.935542051628461,-0.008630585661828172
prompt_end,10,0.9239801250174836,0.9266915646956562,0.002711439678172556,0.9500397611576289,0.9448733987688628,-0.00516636238876611
prompt_end,11,0.9418188228453064,0.9364436242944802,-0.005375198550826132,0.9532504273289839,0.9453628690215519,-0.007887558307432041
prompt_end,12,0.9427597508056481,0.942589329846772,-0.0001704209588760941,0.9571928298261831,0.9545948411589782,-0.0025979886672049535
prompt_end,13,0.9455060419208123,0.9445628997867804,-0.0009431421340319046,0.9577746699678514,0.9542817757727167,-0.003492894195134766
prompt_end,14,0.9444082581298108,0.9447771097240723,0.00036885159426147673,0.9566963735854281,0.9497047659412325,-0.0069916076441955965
prompt_end,15,0.9408387088792909,0.9418740758651969,0.0010353669859060055,0.9548680081664573,0.952960828153756,-0.0019071800127012928
prompt_end,16,0.9440079586303871,0.9463244243617359,0.0023164657313488046,0.9568686042224288,0.9520850451765603,-0.0047835590458684685
prompt_end,17,0.9369197079368026,0.9411064439064671,0.004186735969664568,0.9518395558593675,0.9531457551750218,0.0013061993156542329
prompt_end,18,0.9381244438217843,0.938218361000848,9.391717906370722e-05,0.9555294136950435,0.9551911602611486,-0.00033825343389493057
prompt_end,19,0.9392850595201813,0.943344161157757,0.004059101637575724,0.9551726092375589,0.9529745192536689,-0.002198089983889928
prompt_end,20,0.9364677305491838,0.9417105684358329,0.005242837886649143,0.956013769431074,0.953428133623984,-0.0025856358070899255
prompt_end,21,0.9379799865480302,0.9405354335092627,0.0025554469612325548,0.9513868505816037,0.9487404689316565,-0.002646381649947127
prompt_end,22,0.9314367741033129,0.9377436996426806,0.006306925539367625,0.9522189743216931,0.9521114475640613,-0.00010752675763181507
prompt_end,23,0.9293357036119482,0.9365102284107056,0.0071745247987574645,0.9481854208010574,0.9469100768668481,-0.0012753439342092499
prompt_end,24,0.9347513401624118,0.9370534969541091,0.0023021567916973185,0.9483139169343714,0.9470307616384275,-0.0012831552959439163
prompt_end,25,0.9312451132528203,0.9369268050581763,0.005681691805355937,0.9510072857417704,0.94601316329032,-0.004994122451450367
prompt_end,26,0.9358333946223372,0.9347919892406343,-0.0010414053817028313,0.9497569944713686,0.9466495848508696,-0.0031074096204990465
prompt_end,27,0.9245286954586962,0.9314126908505183,0.006883995391822051,0.9450768247030317,0.9404084790133523,-0.004668345689679332
prompt_end,28,0.9279810276027565,0.9292279153449325,0.0012468877421760727,0.9433482768477783,0.9396598784656531,-0.003688398382125202
prompt_end,29,0.9236683798702741,0.9207249645869677,-0.0029434152833063276,0.9379093067122328,0.9363448441626131,-0.0015644625496197273
prompt_end,30,0.9204427657224347,0.9245020474762546,0.004059281753819977,0.9321816329688468,0.9329606169692892,0.0007789840004424065
prompt_end,31,0.9103538678854415,0.912511755662432,0.0021578877769905525,0.9299047273220469,0.9256829855989839,-0.0042217417230629994
action_boundary,0,0.6449800725325421,0.647302757930827,0.0023226853982849516,0.6251824704953367,0.6246931734155559,-0.0004892970797808482
action_boundary,1,0.7107659830613138,0.6817249852464734,-0.029040997814840375,0.7083740559027327,0.6561206798653616,-0.052253376037371124
action_boundary,2,0.755352600692984,0.7176931924939468,-0.037659408199037236,0.7589047270490166,0.6942988889908204,-0.0646058380581962
action_boundary,3,0.7753535850448899,0.7355307979202913,-0.039822787124598635,0.7786557322350733,0.7051287002173641,-0.07352703201770927
action_boundary,4,0.8128479473648045,0.7722470511040287,-0.04060089626077579,0.8141798128183059,0.7457644665894767,-0.06841534622882917
action_boundary,5,0.8311333718187828,0.8028308134444897,-0.028302558374293074,0.8292346851873371,0.7884294568165685,-0.04080522837076861
action_boundary,6,0.8581042846058134,0.8350392968404268,-0.02306498776538668,0.8611065270284566,0.8275929223715476,-0.033513604656909
action_boundary,7,0.8875497915567134,0.8806473912483654,-0.006902400308347989,0.905170730019043,0.8897168881651212,-0.015453841853921846
action_boundary,8,0.9112358367848035,0.9099389506057287,-0.0012968861790747521,0.9319441722673523,0.9222658363669083,-0.00967833590044398
action_boundary,9,0.9127091861027139,0.9163801285493702,0.0036709424466563334,0.9446864758662912,0.9397611777894675,-0.004925298076823625
action_boundary,10,0.9177893538968194,0.9229195840521305,0.005130230155311111,0.9458634505766301,0.943905429576793,-0.0019580209998371068
action_boundary,11,0.9443450898929013,0.9422343872991883,-0.002110702593713043,0.9538174014627783,0.9526686646104536,-0.0011487368523246388
action_boundary,12,0.9460076646342147,0.9444994227280223,-0.0015082419061923646,0.9606937244433549,0.9537103810167025,-0.006983343426652411
action_boundary,13,0.9482526858258173,0.9444585136293844,-0.0037941721964329655,0.9556822175822959,0.9507042253521127,-0.004977992230183137
action_boundary,14,0.9462115789831578,0.9460127028934369,-0.00019887608972091186,0.9550943406151899,0.9493764722957208,-0.005717868319469188
action_boundary,15,0.9515470014041467,0.9503675869034118,-0.0011794145007348877,0.9587373087373088,0.9559728338365919,-0.002764474900716851
action_boundary,16,0.9494609622036885,0.9471573544328975,-0.002303607770790972,0.9561817456554299,0.951335725766147,-0.004846019889282904
action_boundary,17,0.9465740954828573,0.9486347823248769,0.0020606868420195434,0.9578656413109823,0.9560360569820441,-0.0018295843289382052
action_boundary,18,0.9453032894916069,0.9449963925831779,-0.00030689690842899964,0.958788931745691,0.9539430613854661,-0.00484587036022488
action_boundary,19,0.9443597443597445,0.9458809649365856,0.0015212205768411202,0.9540074848971452,0.9525132386811154,-0.001494246216029782
action_boundary,20,0.9413590466358268,0.9439036952367184,0.0025446486008915414,0.9541623218630517,0.9511302246999871,-0.0030320971630646287
action_boundary,21,0.9385232065644438,0.9382701151532186,-0.0002530914112252036,0.9537125430938487,0.9515457108612257,-0.0021668322326229283
action_boundary,22,0.9348102248305914,0.9412005535470058,0.0063903287164144285,0.9494072281948045,0.948425040297098,-0.0009821878977065435
action_boundary,23,0.9304380584756284,0.9299474130966116,-0.0004906453790168852,0.9476262712504362,0.9425619746922842,-0.005064296558151993
action_boundary,24,0.928668178217186,0.9342617443660146,0.005593566148828666,0.9455509501928094,0.9482374461492435,0.0026864959564341095
action_boundary,25,0.934460594196088,0.9339777553602953,-0.00048283883579269826,0.9460099394749204,0.9447927277105532,-0.0012172117643671765
action_boundary,26,0.9267202971527546,0.9312805075390475,0.00456021038629284,0.9433243744086137,0.9426733628926844,-0.0006510115159292784
action_boundary,27,0.9198209957113556,0.921594079692599,0.0017730839812434285,0.9444645412937828,0.939348276329288,-0.005116264964494799
action_boundary,28,0.9272044820408343,0.9252059030114134,-0.0019985790294209105,0.9348001562961785,0.9316748580052449,-0.0031252982909336646
action_boundary,29,0.9226507614185662,0.9130782534148749,-0.009572508003691249,0.9323001925597639,0.9227203682200672,-0.00957982433969673
action_boundary,30,0.9174278986809999,0.9106111129049959,-0.006816785776004086,0.9318740768842847,0.9175559675416509,-0.014318109342633778
action_boundary,31,0.913183603614081,0.9006771372982914,-0.012506466315789666,0.9262843148817494,0.9140427862613081,-0.012241528620441366
visual_mean,0,0.9403005007158171,0.46819068381199125,-0.4721098169038258,0.9432859074826931,0.46842183527980685,-0.4748640722028863
visual_mean,1,0.940919407756744,0.460749973959534,-0.48016943379721,0.9385864112582042,0.45617277465516604,-0.48241363660303815
visual_mean,2,0.9337939840354038,0.4664298469987177,-0.4673641370366861,0.9333367801125184,0.462504064121231,-0.4708327159912874
visual_mean,3,0.9398904556783463,0.4673966792349443,-0.47249377644340196,0.9366969022459506,0.46539738728179453,-0.47129951496415606
visual_mean,4,0.9405948305819289,0.4698118692131519,-0.47078296136877706,0.9389736599267284,0.46501876139435216,-0.47395489853237627
visual_mean,5,0.9425415915353996,0.46970728126710426,-0.47283431026829537,0.9417345702918817,0.4649953591547762,-0.4767392111371055
visual_mean,6,0.9387832272490862,0.46888701411536576,-0.4698962131337205,0.9380097018834033,0.46827678531055605,-0.4697329165728472
visual_mean,7,0.9413492264658223,0.4691855145500578,-0.4721637119157645,0.9464148146117355,0.4682660985310432,-0.4781487160806923
visual_mean,8,0.9447910903407226,0.47215318740882406,-0.47263790293189856,0.9444356162932359,0.4684970079973084,-0.4759386082959275
visual_mean,9,0.943993802940357,0.47193864579794864,-0.4720551571424083,0.9467889962183474,0.47049130858067567,-0.4762976876376718
visual_mean,10,0.9478323551181149,0.474042038576287,-0.4737903165418279,0.9553477630805749,0.47380814447607655,-0.48153961860449834
visual_mean,11,0.9528143517590159,0.47329146736949423,-0.4795228843895216,0.9519653588305279,0.4733403262125708,-0.4786250326179571
visual_mean,12,0.9512911325486225,0.47667831263927984,-0.4746128199093427,0.9550782321464645,0.47370839332310577,-0.4813698388233587
visual_mean,13,0.9507251468588498,0.47240610243292025,-0.47831904442592954,0.9514606884490023,0.4729735054647094,-0.47848718298429294
visual_mean,14,0.9544401977017791,0.47556987777733534,-0.4788703199244438,0.9534370197529871,0.4739882703551607,-0.4794487493978264
visual_mean,15,0.9529176468149929,0.47423587819947044,-0.4786817686155225,0.9521894613924975,0.47558623188839166,-0.47660322950410583
visual_mean,16,0.9530644530002195,0.475830119839023,-0.47723433316119646,0.9557901014950656,0.4734962107346441,-0.4822938907604215
visual_mean,17,0.9539901170711432,0.4695498074683947,-0.48444030960274853,0.9548660881429855,0.4725755378674136,-0.4822905502755719
visual_mean,18,0.9485118289466115,0.4730164759611158,-0.47549535298549567,0.9511568667829893,0.4739233677679452,-0.4772334990150441
visual_mean,19,0.950004227098088,0.47326343020695727,-0.4767407968911307,0.9536300891606833,0.4741746470767127,-0.47945544208397056
visual_mean,20,0.9523936749378896,0.4752050617918949,-0.4771886131459947,0.9556722833168252,0.4743673079117837,-0.48130497540504147
visual_mean,21,0.953288356921757,0.4743810387071854,-0.47890731821457155,0.9545664585177409,0.46896942147778403,-0.4855970370399569
visual_mean,22,0.94974544381659,0.4746378411411051,-0.4751076026754849,0.9533145426501664,0.4748516891133865,-0.47846285353677986
visual_mean,23,0.9469483269126684,0.4697525407244077,-0.4771957861882607,0.9526549025764806,0.4693207287357472,-0.48333417384073335
visual_mean,24,0.9531726555406571,0.47486144363169797,-0.47831121190895914,0.9551064180828246,0.4758292930856622,-0.4792771249971624
visual_mean,25,0.950075491977378,0.47723292877169127,-0.4728425632056867,0.95472591741667,0.47666315076357424,-0.47806276665309577
visual_mean,26,0.9501683943816512,0.47361392307178585,-0.4765544713098654,0.9536660842382727,0.47591134886371833,-0.4777547353745544
visual_mean,27,0.9550589951415767,0.47190557222669494,-0.4831534229148817,0.9591432060181662,0.47416598407242816,-0.484977221945738
visual_mean,28,0.9497354719398818,0.47518025268449715,-0.4745552192553847,0.9522458413268473,0.4735046414714236,-0.4787411998554237
visual_mean,29,0.9478495633712971,0.4701998576060953,-0.4776497057652018,0.9564912384406354,0.4735580452847212,-0.48293319315591426
visual_mean,30,0.9462639185727015,0.47243223032998827,-0.47383168824271327,0.9557597783610842,0.4719547780465677,-0.48380500031451645
visual_mean,31,0.9402295978447559,0.4677249998018845,-0.4725045980428714,0.9568929493219716,0.4744245449660788,-0.4824684043558928
