pair_id,init_state_id,prompt_side,condition,first_grasp_side,object_ab_distance,laso_expert_side,laso_expert_interpolation,laso_expert_distance_a,laso_expert_distance_b,lopo_expert_side,lopo_expert_interpolation,lopo_expert_distance_a,lopo_expert_distance_b,pooled_expert_contaminated_side,pooled_expert_contaminated_interpolation,pooled_expert_contaminated_distance_a,pooled_expert_contaminated_distance_b,laso_expert_layer_descriptive_side,laso_expert_layer_descriptive_interpolation,laso_expert_layer_descriptive_distance_a,laso_expert_layer_descriptive_distance_b,laso_prefix_side,laso_prefix_interpolation,laso_prefix_distance_a,laso_prefix_distance_b
0,47,0,aligned,0,0.29880768060684204,0,-0.09676612954841328,0.04360417649149895,0.32934337854385376,0,0.10503521138219726,0.09670774638652802,0.2826341390609741,0,-0.01270984949890965,0.014375044964253902,0.3029228746891022,0,0.03727281924373196,0.01984587498009205,0.28813883662223816,0,0.32154590872803185,0.10116658359766006,0.20518670976161957
0,47,1,swapped,0,0.29880768060684204,,0.5284895392241855,0.1945226937532425,0.18097418546676636,,0.513063838774569,0.17398858070373535,0.16715016961097717,1,0.8675402317151193,0.26600709557533264,0.07160558551549911,1,0.6530795783996801,0.21888096630573273,0.14343343675136566,1,0.6698551882726024,0.29356491565704346,0.23632386326789856
0,21,0,aligned,0,0.3003201484680176,0,-0.06081597226524713,0.03193638101220131,0.3196597397327423,0,0.22411272994922096,0.08318884670734406,0.2380884885787964,0,-0.005986544914083726,0.0447472520172596,0.3054085373878479,0,-0.045310183108516124,0.05480874329805374,0.31838563084602356,0,-0.44692847566249416,0.18700933456420898,0.45363375544548035
0,21,1,swapped,-1,0.3003201484680176,1,0.7254670027153194,0.2305276095867157,0.11167930066585541,1,0.5902379022898064,0.18067316710948944,0.12792685627937317,1,0.8235195231215185,0.2529730796813965,0.07508344948291779,1,0.945833219747567,0.29091864824295044,0.06490236520767212,,0.46504693363865185,0.20809480547904968,0.22272950410842896
0,7,0,aligned,0,0.3017939031124115,0,-0.3140284684222461,0.10881674289703369,0.4001547396183014,0,-0.1482939331957516,0.11354847997426987,0.3619197905063629,0,-0.20229425484510932,0.06996795535087585,0.36445140838623047,0,-0.202357427204337,0.07588615268468857,0.3656494617462158,0,-0.23993058361852582,0.08609863370656967,0.377091646194458
0,7,1,swapped,0,0.3017939031124115,0,0.3982008004913415,0.1599554568529129,0.21006998419761658,0,0.33636493851850857,0.1254294067621231,0.21340139210224152,1,0.619959790558168,0.19409118592739105,0.12577609717845917,1,0.6052987723334434,0.18970134854316711,0.12963590025901794,1,0.9570722448016654,0.3620035946369171,0.21860173344612122
0,24,0,aligned,0,0.3023453652858734,0,0.008084006675492013,0.02064508944749832,0.3006010353565216,0,0.2691729368350427,0.13570718467235565,0.24620620906352997,0,0.15527974584830578,0.050526268780231476,0.25607913732528687,0,-0.012287453935494451,0.04172636196017265,0.308869332075119,0,-0.1729064337323159,0.0782262533903122,0.3593657612800598
0,24,1,swapped,-1,0.3023453652858734,1,0.8834994076227252,0.2979198396205902,0.1365385353565216,1,0.8239372093129401,0.25904369354248047,0.08876749873161316,1,1.1608136401306426,0.3554411232471466,0.07432939112186432,1,0.8412296865453744,0.2685239315032959,0.09858826547861099,1,0.5676059938017189,0.23407751321792603,0.2059907168149948
0,6,0,aligned,0,0.30445170402526855,0,0.05921675346204901,0.01906833052635193,0.28649038076400757,0,0.22178957159670548,0.09152725338935852,0.2448517084121704,0,0.06103571978032843,0.03688616305589676,0.2876395583152771,0,0.012664974174796801,0.06231372803449631,0.3069625198841095,0,0.2392034076069666,0.09380614757537842,0.23905335366725922
0,6,1,swapped,0,0.30445170402526855,1,0.6804794950531133,0.222751647233963,0.12712472677230835,,0.5114475376653216,0.1565781682729721,0.14964810013771057,1,0.786031859483758,0.24021905660629272,0.0684114396572113,1,0.7420043833356081,0.22849439084529877,0.085711769759655,1,0.7572182522056139,0.25542232394218445,0.13250282406806946
0,32,0,aligned,0,0.30739861726760864,0,-0.18516338758205333,0.06690046191215515,0.3660098612308502,0,0.020075657642892628,0.03235827758908272,0.30289751291275024,0,-0.017588349727507988,0.017785416916012764,0.31326380372047424,0,-0.08276871503569767,0.04244622960686684,0.3345711827278137,0,0.06994463033550197,0.04398840665817261,0.2884618043899536
0,32,1,swapped,0,0.30739861726760864,0,0.40935496122806736,0.13382013142108917,0.1871861219406128,0,0.3788036780961742,0.11686404049396515,0.1912115067243576,1,0.7401222778296549,0.2288278490304947,0.08355846256017685,1,0.6920520514585276,0.22620579600334167,0.12195724248886108,0,0.3894702074635665,0.19769984483718872,0.24489594995975494
0,36,0,aligned,0,0.3066379129886627,0,0.06834684983793665,0.0737144723534584,0.2942919433116913,0,0.26828879249037146,0.15173524618148804,0.2580653429031372,0,0.1389939453560659,0.10667522251605988,0.2815459072589874,0,-0.06234389442526643,0.03724079206585884,0.3273189067840576,0,0.21062676777021355,0.07770951837301254,0.2458789199590683
0,36,1,swapped,0,0.3066379129886627,1,0.584336253418663,0.22593121230602264,0.18757709860801697,,0.4968133682354251,0.18002167344093323,0.1816784143447876,1,0.8192300118897962,0.2729891836643219,0.12037741392850876,,0.48546314935778856,0.15925757586956024,0.16762061417102814,0,0.2228141851884281,0.15608441829681396,0.2765648663043976
0,0,0,aligned,0,0.3013218343257904,0,-0.02728308654070476,0.01832668110728264,0.30997586250305176,0,0.06560850167774784,0.043992627412080765,0.2842821776866913,0,0.02624053833258509,0.012783014215528965,0.2935868501663208,0,0.12329440320452259,0.04161612316966057,0.2648353576660156,0,-0.3174630775256463,0.11161188036203384,0.4011235237121582
0,0,1,swapped,0,0.3013218343257904,1,0.7076087307058587,0.24966099858283997,0.15694274008274078,,0.5156697570554157,0.1730271875858307,0.16459935903549194,1,0.9809438928722858,0.302491694688797,0.06455051153898239,1,0.7676257482084151,0.26216208934783936,0.14188331365585327,1,0.5955438646274002,0.23588433861732483,0.19568251073360443
0,46,0,aligned,0,0.30652210116386414,0,0.1117839161291663,0.041487917304039,0.2732609510421753,0,0.24714294414495055,0.0920465737581253,0.23661646246910095,0,0.10740889323164268,0.03307196497917175,0.27361688017845154,0,-0.02850711952404236,0.010481479577720165,0.31531330943107605,0,-0.15134984569249804,0.08289888501167297,0.3595391809940338
0,46,1,swapped,0,0.30652210116386414,1,0.8636697700509749,0.2933483421802521,0.1330995261669159,1,0.6611126063337207,0.2190127819776535,0.13301001489162445,1,1.0364373943244591,0.32444918155670166,0.06681668758392334,1,0.8392046680973224,0.2807598412036896,0.12282340973615646,1,0.7854467542770195,0.3297663927078247,0.23474903404712677
0,20,0,aligned,0,0.30582714080810547,0,-0.15966084450638773,0.04912644997239113,0.3546968698501587,0,-0.02122340893108298,0.04904947057366371,0.31607934832572937,0,0.0720933549083373,0.034544266760349274,0.2850223481655121,0,0.06278080006270803,0.04036993533372879,0.2888185679912567,0,0.15066641024243918,0.13293200731277466,0.28812745213508606
0,20,1,swapped,-1,0.30582714080810547,1,0.5878437391065507,0.18282344937324524,0.1303546130657196,1,0.5833487872942313,0.17894591391086578,0.12818102538585663,1,0.9339461067808157,0.2860527038574219,0.025533853098750114,1,0.6514504896515817,0.19945624470710754,0.10701587796211243,1,0.6425194146358251,0.2604043185710907,0.20285628736019135
0,33,0,aligned,0,0.2990484833717346,0,-0.3965510633885888,0.12582387030124664,0.4197484850883484,0,-0.24172334026293726,0.12040363252162933,0.38361653685569763,0,-0.3086052167729129,0.10053730010986328,0.3933635354042053,0,-0.2514776402178406,0.08397939801216125,0.3761141300201416,0,0.06634844620439852,0.04863955080509186,0.28271666169166565
0,33,1,swapped,0,0.2990484833717346,0,0.3615479962619629,0.11017747968435287,0.19210048019886017,0,0.29386613831387265,0.08933405578136444,0.21177741885185242,1,0.631882570914442,0.19267137348651886,0.11633462458848953,0,0.3915348138242058,0.12339378148317337,0.1860809177160263,0,0.4537845293349855,0.15130378305912018,0.17651893198490143
0,5,0,aligned,0,0.3027030825614929,0,0.045309796110961406,0.024537233635783195,0.28970304131507874,0,0.20234178694250846,0.07768409699201584,0.24613650143146515,0,0.02602715156894578,0.010062934830784798,0.2948910593986511,0,-0.2239223636388178,0.07199517637491226,0.3712790310382843,0,-0.3479115090934017,0.1373714655637741,0.4174419343471527
0,5,1,swapped,0,0.3027030825614929,1,0.6855064351390254,0.22152549028396606,0.12279225140810013,1,0.5849921183959549,0.18263104557991028,0.1333363801240921,1,0.9302417464327062,0.28275853395462036,0.03327154740691185,,0.5162512853446398,0.16653870046138763,0.15734344720840454,1,0.713321350064375,0.29902708530426025,0.22433076798915863
0,2,0,aligned,0,0.3036041259765625,0,-0.134855964661593,0.041314199566841125,0.34459125995635986,0,0.042410168319621536,0.06280700117349625,0.2971562445163727,0,-0.0910028018243746,0.04220376908779144,0.3327657878398895,0,-0.020026460641816058,0.03480131924152374,0.31157422065734863,0,0.028471874090152737,0.03548426181077957,0.2969609200954437
0,2,1,swapped,0,0.3036041259765625,1,0.5817648462419762,0.19207599759101868,0.14771510660648346,,0.5331150050171434,0.1660943329334259,0.14656923711299896,1,0.7718813163910646,0.2363498955965042,0.07576081901788712,1,0.8447873521753322,0.26005542278289795,0.06377260386943817,,0.4712318925744501,0.18216751515865326,0.1961846798658371
0,15,0,aligned,0,0.3059282898902893,0,-0.14519228694857975,0.07616659253835678,0.35576844215393066,0,-0.11776211834349767,0.11978376656770706,0.3605321943759918,0,-0.1178063499420183,0.06067880988121033,0.3454352915287018,0,-0.06603051743467317,0.022639665752649307,0.3262890577316284,0,-0.2382008404740083,0.08760401606559753,0.3819084167480469
0,15,1,swapped,0,0.3059282898902893,,0.5021874391255784,0.17980395257472992,0.17866170406341553,0,0.2924099333204423,0.10936008393764496,0.22542674839496613,1,0.7308377570238982,0.22759990394115448,0.09269589930772781,0,0.40131957237388094,0.13161426782608032,0.18919233977794647,0,-0.011270141646992478,0.16762994229793549,0.3518543839454651
0,3,0,aligned,0,0.2995736300945282,0,0.017329195237322757,0.006547578610479832,0.29440927505493164,0,0.16793402297529889,0.07109978795051575,0.25427794456481934,0,0.046578929770356596,0.024790307506918907,0.28635382652282715,0,0.10959054597633397,0.06367219239473343,0.2722650170326233,0,-0.6188064141949663,0.206326425075531,0.4933393597602844
0,3,1,swapped,1,0.2995736300945282,1,0.7381990329161189,0.24352656304836273,0.1286512166261673,,0.5036615990125264,0.16011199355125427,0.15804632008075714,1,0.8846862390293164,0.27002787590026855,0.06219491362571716,1,0.8990878089715444,0.29718858003616333,0.12918700277805328,,0.4978326372379431,0.2097526341676712,0.21067793667316437
0,18,0,aligned,0,0.30559036135673523,0,0.23950676983363473,0.07427291572093964,0.23274241387844086,0,0.37514801755802185,0.1256747543811798,0.19776971638202667,0,0.2793181474751926,0.0870610699057579,0.22089949250221252,0,-0.014865370341884857,0.05823969468474388,0.31552138924598694,0,-0.06451135137696819,0.02707231417298317,0.32583311200141907
0,18,1,swapped,0,0.30559036135673523,1,0.8479375994196898,0.2827090620994568,0.12222841382026672,1,0.5847530067450211,0.18230003118515015,0.1319238245487213,1,0.9543896889624737,0.29433053731918335,0.04199623316526413,1,0.6685427923726738,0.2096572071313858,0.1117016151547432,1,0.9472376943775108,0.3455793857574463,0.18945740163326263
0,30,0,aligned,0,0.30415812134742737,0,-0.2903570670380353,0.0989920124411583,0.3950122594833374,0,-0.16792083723531365,0.1252870410680771,0.3732002377510071,0,-0.43978241687936287,0.13549795746803284,0.43845444917678833,0,-0.13174353004146327,0.07764974981546402,0.35059577226638794,0,-0.41973413057757686,0.21588800847530365,0.4655972421169281
0,30,1,swapped,0,0.30415812134742737,,0.5216077898506954,0.20090559124946594,0.19069629907608032,0,0.3780667390848443,0.14839087426662445,0.21114090085029602,1,0.5372064897382347,0.17147816717624664,0.15006884932518005,,0.5031313694090541,0.1691758632659912,0.16745473444461823,0,0.23974967084842985,0.14401359856128693,0.2624738812446594
0,39,0,aligned,0,0.30594733357429504,0,-0.11500730103631335,0.05099184438586235,0.3431241512298584,0,-0.1413529980415154,0.09310798346996307,0.3587968945503235,0,-0.1701352990081814,0.05318412184715271,0.35816606879234314,0,-0.14442600999658928,0.04588203877210617,0.35035207867622375,0,0.3242305256945138,0.103897824883461,0.20904575288295746
0,39,1,swapped,0,0.30594733357429504,1,0.542156410524795,0.18313036859035492,0.16013973951339722,0,0.32959287718140595,0.10883921384811401,0.2091589868068695,1,0.7322534671465305,0.22562189400196075,0.08617213368415833,,0.5301717265826573,0.17053718864917755,0.15308348834514618,1,0.5811926578120292,0.23243269324302673,0.19704081118106842
0,40,0,aligned,0,0.3048973083496094,0,-0.19122920797034781,0.06992138922214508,0.36524730920791626,0,0.05678008550317832,0.08364590257406235,0.2990019917488098,0,-0.2016628013487324,0.06611242890357971,0.36718839406967163,0,-0.07281129527729666,0.05842408537864685,0.3315315246582031,0,-0.15574718023607387,0.06927213072776794,0.35597506165504456
0,40,1,swapped,-1,0.3048973083496094,1,0.5778932159202103,0.20951294898986816,0.17150337994098663,,0.5252817599978585,0.1782345473766327,0.16452068090438843,1,0.7624542595584569,0.23837044835090637,0.08957534283399582,1,0.9679672445662275,0.3138572573661804,0.10723666846752167,,0.5253581393320952,0.2690545320510864,0.2601454555988312
0,26,0,aligned,0,0.3001287877559662,0,-0.23233417720095065,0.07524831593036652,0.37093886733055115,0,0.0008121434440816184,0.03015565499663353,0.30139729380607605,0,-0.04614070453778665,0.02166348695755005,0.31441858410835266,0,-0.23785327737399492,0.08928698301315308,0.3753662407398224,0,0.08427177315342992,0.1755283772945404,0.3251239061355591
0,26,1,swapped,0,0.3001287877559662,,0.47146742063606617,0.14725106954574585,0.16377776861190796,0,0.46055312466061743,0.1454770863056183,0.16813719272613525,1,0.8254318104537737,0.24891746044158936,0.05772242695093155,0,0.4321962281292864,0.12990103662014008,0.1705562323331833,0,0.44855640241922873,0.14654947817325592,0.17534121870994568
0,45,0,aligned,0,0.30507439374923706,0,-0.022376464422962615,0.0364789143204689,0.31395265460014343,0,0.12602823315811024,0.0822213664650917,0.2763544023036957,0,-0.04645155741474636,0.01976785622537136,0.31954294443130493,0,0.0017206103610238643,0.04496556892991066,0.3078506290912628,0,-0.05789042239664033,0.03243646025657654,0.32388004660606384
0,45,1,swapped,0,0.30507439374923706,1,0.5428617973781781,0.20192228257656097,0.18109193444252014,,0.4720225717967017,0.16579411923885345,0.18081879615783691,1,0.7652128073892294,0.24061669409275055,0.0923551693558693,1,0.676121695254327,0.2199530452489853,0.12488363683223724,1,0.6286875800281707,0.2563110589981079,0.20430700480937958
0,48,0,aligned,0,0.30789420008659363,0,-0.20595379797597943,0.07399827241897583,0.37325990200042725,0,-0.12164811137653911,0.09198397397994995,0.3554210066795349,0,-0.12214060824360239,0.04032469540834427,0.3458070456981659,0,0.057588156457818625,0.026094887405633926,0.29079410433769226,0,0.35649727260616715,0.1880801022052765,0.2501637637615204
0,48,1,swapped,-1,0.30789420008659363,,0.4658145419349819,0.16704954206943512,0.1854374259710312,0,0.3794545369521487,0.12485773116350174,0.19607293605804443,1,0.70681237393098,0.22314465045928955,0.10287073254585266,1,0.6265963044511083,0.19521157443523407,0.11876530200242996,1,0.8818368263596592,0.3039049804210663,0.14128997921943665
0,23,0,aligned,0,0.3062300682067871,0,-0.25268040793175744,0.07795542478561401,0.38372522592544556,0,-0.07140886851382316,0.0706549659371376,0.3349059224128723,0,-0.10728707751318335,0.04261720925569534,0.3401693105697632,0,-0.0351340545601297,0.027783846482634544,0.3180225193500519,0,0.2723591045878697,0.10102906078100204,0.23000384867191315
0,23,1,swapped,0,0.3062300682067871,,0.5195783710457786,0.18022161722183228,0.16972871124744415,0,0.3898478030101576,0.12955184280872345,0.1935022920370102,1,0.8297187379161368,0.2601531147956848,0.07641763240098953,1,0.6610136465870582,0.21310535073280334,0.1233498752117157,1,0.6919938216426356,0.24109779298305511,0.14872457087039948
0,43,0,aligned,0,0.3002074360847473,0,-0.07051698712673216,0.08390611410140991,0.33147454261779785,0,-0.05184716190652238,0.10773816704750061,0.33328282833099365,0,0.1414453808092007,0.09577919542789459,0.27166667580604553,0,-0.13143045435272105,0.05149463191628456,0.3412717878818512,0,-0.123062838517574,0.18572036921977997,0.38314297795295715
0,43,1,swapped,0,0.3002074360847473,1,0.5568351977177828,0.2008548229932785,0.17348825931549072,0,0.35830919304544767,0.12148813158273697,0.20074611902236938,1,0.9176919864881075,0.28362593054771423,0.07179909199476242,1,0.5603108866201891,0.1797904223203659,0.1464705616235733,1,0.613491167180198,0.21200378239154816,0.15648938715457916
0,49,0,aligned,0,0.30507946014404297,0,-0.11230433649719702,0.06466709822416306,0.3437446653842926,0,0.01970782958203218,0.016476301476359367,0.29946017265319824,0,-0.025219481036430194,0.042442843317985535,0.3155461847782135,0,-0.28936800908733595,0.0914028137922287,0.3940722346305847,0,0.14618779373540577,0.059363752603530884,0.2634105384349823
0,49,1,swapped,0,0.30507946014404297,1,0.5978884672004969,0.19106782972812653,0.13522307574748993,0,0.4435486078812947,0.14476917684078217,0.17738763988018036,1,0.8777785338105412,0.26893991231918335,0.04479227960109711,1,0.5645293309136727,0.18870601058006287,0.15361647307872772,,0.5002994690248485,0.17324897646903992,0.17308799922466278
0,37,0,aligned,0,0.2980857193470001,0,-0.30719198539518267,0.09241650998592377,0.38985517621040344,0,-0.32672122035283124,0.1173960343003273,0.4008723199367523,0,-0.22076565027057013,0.07488927245140076,0.3656443655490875,0,-0.2515609477098973,0.08284921944141388,0.3747319281101227,0,0.04158791930070348,0.06118478253483772,0.2919042408466339
0,37,1,swapped,0,0.2980857193470001,0,0.4108303773090027,0.14436931908130646,0.1915433406829834,0,0.1018857924515392,0.04914366453886032,0.27048856019973755,1,0.6522742297287054,0.19808977842330933,0.11035799980163574,0,0.4628730359599689,0.1445625275373459,0.1658197045326233,1,0.6967586924891714,0.23718009889125824,0.14590537548065186
0,17,0,aligned,0,0.3031185269355774,0,-0.13399599960655323,0.0479886457324028,0.34468403458595276,0,0.029858335143658748,0.06756644695997238,0.30159449577331543,0,-0.08832448970109318,0.032070059329271317,0.3303634226322174,0,0.23927592010954882,0.08735670894384384,0.23567412793636322,0,-0.24669180768757018,0.10003288835287094,0.38369250297546387
0,17,1,swapped,0,0.3031185269355774,,0.4902150390888383,0.16336306929588318,0.1687767654657364,0,0.353040823669277,0.10867500305175781,0.19701708853244781,1,0.6587013970198111,0.20208074152469635,0.10804351419210434,1,0.7992398984855462,0.2570522427558899,0.10529499500989914,0,0.394145752238661,0.1419936865568161,0.19903306663036346
0,29,0,aligned,0,0.29891231656074524,0,-0.31368394508980574,0.09724165499210358,0.3935212194919586,0,-0.25411408267215846,0.10442239791154861,0.38165703415870667,0,-0.2081496057049925,0.0631612166762352,0.3612944483757019,0,0.043254920942952496,0.043089158833026886,0.28892165422439575,0,0.17370341155302843,0.09570526331663132,0.25974559783935547
0,29,1,swapped,0,0.29891231656074524,,0.4753501099009411,0.16067065298557281,0.17383882403373718,0,0.3466378000365739,0.10860362648963928,0.197990283370018,1,0.7664130315773726,0.23014916479587555,0.07322154194116592,1,0.6663348805382315,0.2090926319360733,0.11830540746450424,1,0.7330353998690645,0.2520207464694977,0.1478908658027649
0,12,0,aligned,0,0.30494198203086853,0,-0.14042573605734543,0.04348818212747574,0.3478463888168335,0,0.12931800345409028,0.09356077015399933,0.2787342369556427,0,-0.07703636389494149,0.027205735445022583,0.3287201523780823,0,0.008501637357777172,0.047638531774282455,0.306068480014801,0,-0.49682910345485143,0.19806179404258728,0.47393882274627686
0,12,1,swapped,0,0.30494198203086853,1,0.572870087826515,0.20213578641414642,0.16524691879749298,,0.48052757603545593,0.16486459970474243,0.17550444602966309,1,0.7804817859032894,0.24655850231647491,0.09288334101438522,1,0.7309439136982202,0.2359386384487152,0.11276641488075256,1,0.5514837324846735,0.21811339259147644,0.19493217766284943
0,19,0,aligned,0,0.3039104640483856,0,-0.06709185387654752,0.0586807020008564,0.32893526554107666,0,0.10041875330081516,0.1492539644241333,0.30998170375823975,0,0.12291629677235433,0.04334503412246704,0.26746004819869995,0,-0.06514125210068375,0.0321187861263752,0.32469412684440613,0,-0.38666782451485127,0.13582804799079895,0.42689263820648193
0,19,1,swapped,0,0.3039104640483856,1,0.690874862935755,0.23886248469352722,0.14763563871383667,1,0.6084938973791033,0.19889068603515625,0.1397002935409546,1,0.9725702914816926,0.2975766658782959,0.03545716404914856,1,0.8202051875847161,0.25361722707748413,0.07191941887140274,0,0.2563446033693705,0.17726264894008636,0.27646127343177795
0,22,0,aligned,0,0.3033334016799927,0,-0.012045148138848048,0.02937777154147625,0.30836793780326843,0,0.12436061326711327,0.09988586604595184,0.2812529504299164,0,0.055906448942303795,0.019859429448843002,0.2865615487098694,0,-0.18017118304673807,0.06628765165805817,0.3599454462528229,0,-0.3006435913466821,0.10224184393882751,0.3972274959087372
0,22,1,swapped,0,0.3033334016799927,1,0.6464790276617027,0.22959835827350616,0.1604991853237152,,0.5074860749750051,0.1698962152004242,0.16579239070415497,1,0.806448407870454,0.24948172271251678,0.07647071033716202,1,0.5831493654535327,0.1824232041835785,0.13407792150974274,1,0.8871437121205189,0.35455307364463806,0.2333769053220749
0,34,0,aligned,0,0.30146506428718567,0,-0.05192614650186733,0.08138199895620346,0.327020525932312,0,0.030727984979338596,0.11201439797878265,0.31279897689819336,0,-0.06007079927511905,0.032832928001880646,0.32074567675590515,0,-0.10565899237284558,0.05737326294183731,0.33671605587005615,0,-0.4369087951047171,0.17050839960575104,0.4465062916278839
0,34,1,swapped,-1,0.30146506428718567,1,0.7132203053567161,0.2617433965206146,0.17249397933483124,,0.5135640950281053,0.18038342893123627,0.1734149307012558,1,0.8508881677244338,0.263876348733902,0.07650133967399597,1,0.7118969590170083,0.22357279062271118,0.10709761083126068,0,0.3544214089924753,0.16502317786216736,0.2317182719707489
0,8,0,aligned,0,0.30583345890045166,0,-0.06430255718206625,0.03986000642180443,0.32734066247940063,0,-0.017436698986278087,0.046519309282302856,0.3145790994167328,0,0.02442951955466397,0.03579229116439819,0.30040842294692993,0,0.2090811598848361,0.0726986899971962,0.24434970319271088,0,-0.07650848506795001,0.08467423170804977,0.3391403257846832
0,8,1,swapped,0,0.30583345890045166,0,0.43416387497913006,0.1549929976463318,0.1906270533800125,0,0.29152124082837444,0.09331147372722626,0.21841885149478912,1,0.7339088712894506,0.22497889399528503,0.08281657099723816,1,0.7277696811581642,0.2290470451116562,0.09926775097846985,0,0.46141401389970443,0.15147198736667633,0.17367205023765564
0,38,0,aligned,0,0.3077414631843567,0,-0.19199686981357345,0.08788926899433136,0.3725525140762329,0,-0.10804188972693396,0.12286385893821716,0.360921710729599,0,-0.08758342338611465,0.05362745374441147,0.33789029717445374,0,-0.07727406808745516,0.09003639966249466,0.3427065908908844,0,0.09066406635982636,0.038616493344306946,0.2811110019683838
0,38,1,swapped,0,0.3077414631843567,0,0.2531100858275908,0.12473255395889282,0.24964281916618347,0,0.1244171711353196,0.07623835653066635,0.2774009108543396,0,0.4617550112248668,0.15270446240901947,0.17482168972492218,,0.46812930058412106,0.18450960516929626,0.20020093023777008,1,0.5933761721284702,0.2004677653312683,0.15000326931476593
0,42,0,aligned,0,0.3057734966278076,0,0.13315406692509865,0.05921528860926628,0.26852330565452576,0,0.3320763886310112,0.10806450992822647,0.20755432546138763,0,0.2009221999433581,0.06767716258764267,0.24598011374473572,0,0.13913346100339039,0.047762710601091385,0.26412397623062134,0,-0.06445008348863106,0.10066216439008713,0.340120792388916
0,42,1,swapped,0,0.3057734966278076,1,0.8732213542832927,0.28319865465164185,0.10203427821397781,1,0.6776886215921027,0.21259728074073792,0.10941088199615479,1,1.0312002201925985,0.3166656792163849,0.030747992917895317,1,0.887073837036121,0.29844149947166443,0.12917625904083252,1,0.7282833535766237,0.30360162258148193,0.22245478630065918
0,35,0,aligned,0,0.30662715435028076,0,-0.06594356764861108,0.0335097499191761,0.3279377818107605,0,0.21991997499045104,0.11917503923177719,0.25859054923057556,0,-0.024385721774314972,0.023928454145789146,0.3149258494377136,0,0.030811842568217587,0.021494584158062935,0.29780590534210205,0,-0.19581656652809454,0.16908033192157745,0.3992866277694702
0,35,1,swapped,0,0.30662715435028076,1,0.7769286118432418,0.27751097083091736,0.1579195111989975,1,0.634347992500305,0.2172662764787674,0.14812761545181274,1,0.8708486605310329,0.27701422572135925,0.08367995917797089,1,0.876808477254465,0.29010388255119324,0.1153474748134613,1,0.7501657793929558,0.25374412536621094,0.13169963657855988
0,16,0,aligned,0,0.3052351474761963,0,0.006366688844037008,0.07580424845218658,0.31261545419692993,0,0.12002941415436426,0.1415126770734787,0.3013775050640106,0,0.08930041142390673,0.06223165988922119,0.28355124592781067,0,0.2840603064535528,0.10934027284383774,0.22845754027366638,0,0.19003267448570413,0.07197223603725433,0.25087523460388184
0,16,1,swapped,0,0.3052351474761963,,0.4783880496421233,0.17664727568626404,0.18770019710063934,0,0.31367770173270176,0.1173311397433281,0.22019384801387787,1,0.6655011202041062,0.203870490193367,0.10355765372514725,1,0.6874028378077522,0.22791536152362823,0.13048118352890015,1,0.5759619616814705,0.23145201802253723,0.19853340089321136
0,14,0,aligned,0,0.30759501457214355,0,-0.014498359482833565,0.013136282563209534,0.31229913234710693,0,0.23329972561549883,0.11039499938488007,0.25030896067619324,0,0.017217720467521454,0.034376684576272964,0.3042011559009552,0,0.04852046343450901,0.018254714086651802,0.2928590476512909,0,-0.4188685647526634,0.18808475136756897,0.4574415385723114
0,14,1,swapped,0,0.30759501457214355,1,0.6906606899080303,0.23683077096939087,0.1414574831724167,1,0.5957359290928208,0.19692106544971466,0.14374229311943054,1,0.9235659937090951,0.2937714159488678,0.07842513173818588,1,0.9427118802094785,0.31589001417160034,0.1265401393175125,1,0.7223039698973964,0.23059837520122528,0.10539998859167099
0,44,0,aligned,0,0.3037279546260834,0,0.15021921305322478,0.054328300058841705,0.2597818076610565,0,0.39362025787138993,0.14216430485248566,0.19959431886672974,0,0.23551472353177388,0.07362272590398788,0.23284798860549927,0,-0.0339532739751872,0.052599433809518814,0.3182480037212372,0,-0.5087972339124364,0.19706003367900848,0.4742963910102844
0,44,1,swapped,1,0.3037279546260834,1,0.6886796262476905,0.2559489905834198,0.17520911991596222,1,0.6495802749159322,0.22180528938770294,0.1469687670469284,1,0.8978180336813854,0.28410258889198303,0.0855354443192482,1,0.607029775290518,0.20134425163269043,0.1441955864429474,1,1.1608930810336178,0.46080219745635986,0.30067092180252075
0,1,0,aligned,0,0.3013881742954254,0,0.05459061307969515,0.06493237614631653,0.2917765974998474,0,0.2879902999144086,0.1470262110233307,0.2452191561460495,0,0.12100378989053569,0.08352778106927872,0.27537065744400024,0,0.038323750609536286,0.04730335995554924,0.293445348739624,0,-0.957619090778972,0.30206751823425293,0.5966991782188416
0,1,1,swapped,0,0.3013881742954254,1,0.7962366850412721,0.27477946877479553,0.1472635120153427,1,0.6251214253695871,0.20778115093708038,0.1429763287305832,1,1.0037947299154462,0.31134000420570374,0.07354163378477097,1,0.6077425974919709,0.20237471163272858,0.146225705742836,0,0.21275525164979786,0.14360132813453674,0.26982399821281433
0,28,0,aligned,0,0.3059363067150116,0,-0.08901701660171214,0.037567317485809326,0.3341732919216156,0,0.22910656492691392,0.08021630346775055,0.23904871940612793,0,0.023040122416303474,0.010440929792821407,0.2989867329597473,0,0.01056422613105368,0.022005703300237656,0.3034859299659729,0,-0.7783128498192898,0.26429447531700134,0.5560073256492615
0,28,1,swapped,0,0.3059363067150116,1,0.5896142760857637,0.1992730051279068,0.1514413207769394,1,0.5403658017322993,0.1699686199426651,0.14605852961540222,1,0.8529790416289781,0.26554855704307556,0.06663673371076584,1,0.8382179044271789,0.2750706076622009,0.11113706976175308,,0.49208175457849185,0.20105594396591187,0.20470888912677765
0,13,0,aligned,0,0.298493891954422,0,0.0396968134509936,0.01655157096683979,0.28687745332717896,0,0.3175936778945314,0.10649989545345306,0.2093956172466278,0,0.05875785866769979,0.02068295329809189,0.28116878867149353,0,-0.08773486527825013,0.02651236206293106,0.3247085213661194,0,-0.44043710427573907,0.1977614015340805,0.4546348452568054
0,13,1,swapped,0,0.298493891954422,1,0.9029217523673945,0.28545814752578735,0.09842166304588318,1,0.7022685995890325,0.21222631633281708,0.09484889358282089,1,1.0241957029959416,0.30880045890808105,0.04413075000047684,1,0.9166668269416908,0.28203248977661133,0.07275620102882385,0,0.4152595564819359,0.1915799081325531,0.22760353982448578
0,10,0,aligned,0,0.3057634234428406,0,-0.0840233301450903,0.08808954805135727,0.3419969975948334,0,-0.014969785772222376,0.12257896363735199,0.3336404860019684,0,-0.15803001326247476,0.07365957647562027,0.35842135548591614,0,-0.08599099503306692,0.02879578247666359,0.33226388692855835,0,-0.1367697888762567,0.08643773198127747,0.3557194471359253
0,10,1,swapped,0,0.3057634234428406,1,0.6243735150244027,0.25535377860069275,0.20481671392917633,0,0.4410247823868725,0.18182086944580078,0.20996706187725067,1,0.7449913477533725,0.24567921459674835,0.12061995267868042,1,0.5767649602898778,0.19447459280490875,0.1531883180141449,0,0.2607052126897067,0.19446557760238647,0.28733396530151367
0,41,0,aligned,0,0.3011792302131653,0,-0.12660576232097473,0.0761469379067421,0.3456527590751648,0,0.027248682251877595,0.11260529607534409,0.3137602210044861,0,-0.04549910770219701,0.054238464683294296,0.3192257881164551,0,-0.22238051435483627,0.07283012568950653,0.3692654073238373,0,0.04186973043464476,0.017139561474323273,0.28880229592323303
0,41,1,swapped,0,0.3011792302131653,,0.517218099070149,0.19653435051441193,0.18841993808746338,0,0.4087147765781088,0.13813364505767822,0.18879000842571259,1,0.7168665599375494,0.22488345205783844,0.10596740990877151,0,0.41558748613010194,0.13812637329101562,0.18545302748680115,1,0.9827785333034025,0.3463282287120819,0.17988495528697968
0,27,0,aligned,0,0.3013043999671936,0,0.056992661922968715,0.08747521787881851,0.2967965304851532,0,0.2133408215829667,0.1557936668395996,0.27626073360443115,0,0.03178827521972335,0.0573732852935791,0.2971603572368622,0,-0.09761086455758076,0.03688320517539978,0.331463098526001,0,-0.42694553605340657,0.13342952728271484,0.4314020276069641
0,27,1,swapped,1,0.3013043999671936,1,0.7470491268350219,0.26861968636512756,0.16522756218910217,,0.5344063226618458,0.19406600296497345,0.17724134027957916,1,0.8803670257240374,0.27663636207580566,0.08639995008707047,1,0.9044160347079673,0.30604881048202515,0.14225538074970245,0,0.2628791711161746,0.1988336592912674,0.28738221526145935
0,9,0,aligned,0,0.3045045733451843,0,-0.12297587616178479,0.04349436238408089,0.34266629815101624,0,0.01910409561781704,0.06326445192098618,0.3052583336830139,0,-0.03378730370951531,0.023138605058193207,0.3154744803905487,0,0.05279523805238313,0.04451773688197136,0.29140040278434753,0,0.1671431034250012,0.1349390596151352,0.28272876143455505
0,9,1,swapped,-1,0.3045045733451843,1,0.5640956310752944,0.20152799785137177,0.16949112713336945,1,0.5659615497727776,0.18606717884540558,0.14962846040725708,1,0.8371790578056735,0.2605220675468445,0.07309725135564804,0,0.39909760293950797,0.13146357238292694,0.18972249329090118,0,0.18351416656676103,0.15408951044082642,0.28711432218551636
0,11,0,aligned,-1,0.30178773403167725,0,-0.10907531141016057,0.04395664110779762,0.33597061038017273,0,0.0482831261901289,0.08885703980922699,0.30029410123825073,0,0.004150934369552464,0.03784272074699402,0.3029055893421173,0,-0.030680535820911518,0.042137451469898224,0.31375133991241455,0,0.17523387001839252,0.054243847727775574,0.2491968721151352
0,11,1,swapped,0,0.30178773403167725,,0.4772378759113942,0.18095707893371582,0.19207191467285156,0,0.40714652849466265,0.14122550189495087,0.19198451936244965,1,0.7840085942471653,0.2457878589630127,0.09316133707761765,1,0.719411442629498,0.23761293292045593,0.12842801213264465,0,0.11747761021748135,0.12558111548423767,0.2923143804073334
0,31,0,aligned,0,0.3039208948612213,0,-0.17152032158329844,0.05805957689881325,0.3569660782814026,0,-0.01710767611944753,0.024465203285217285,0.3100433051586151,0,-0.16531381353040675,0.06502179801464081,0.3565601408481598,0,0.016896482813749,0.024903414770960808,0.2997777462005615,0,-0.25170448908280035,0.12420444935560226,0.39280208945274353
0,31,1,swapped,0,0.3039208948612213,1,0.6062588476141387,0.19781267642974854,0.13964255154132843,,0.5022972136922147,0.15851564705371857,0.157171368598938,1,0.8926416082068754,0.27286580204963684,0.0438266359269619,1,0.6648841572554267,0.2061893492937088,0.10979093611240387,1,1.0966346196503947,0.3359346389770508,0.05130588635802269
0,4,0,aligned,0,0.29959046840667725,0,-0.17351000117294146,0.054054223001003265,0.35188475251197815,0,-0.10730792544010416,0.05452309176325798,0.3346489667892456,0,-0.05696433162217804,0.026765668764710426,0.31732702255249023,0,0.06931150681306326,0.036102358251810074,0.2803850471973419,0,-0.2833570273595859,0.09153284132480621,0.3860023319721222
0,4,1,swapped,0,0.29959046840667725,1,0.7039398630505759,0.2218048870563507,0.11219802498817444,,0.5263663626620442,0.15816733241081238,0.14242157340049744,1,1.0037433683774153,0.3017306923866272,0.024799354374408722,1,0.8033342417473026,0.250577449798584,0.09131190925836563,0,0.2066451823857563,0.13307149708271027,0.26526930928230286
0,25,0,aligned,0,0.30668845772743225,0,-0.27966409819216625,0.10785005241632462,0.3978675901889801,0,-0.08977870918808878,0.12229876965284348,0.35482892394065857,0,-0.14441721174963215,0.05843137204647064,0.35304272174835205,0,-0.07474066229808167,0.06067831814289093,0.3343643844127655,0,-0.05717893573664918,0.02169686369597912,0.3244761824607849
0,25,1,swapped,0,0.30668845772743225,,0.4837690630513952,0.20648589730262756,0.21375152468681335,0,0.4325388291162428,0.15781210362911224,0.19389469921588898,1,0.7978777311082462,0.2566622793674469,0.0991971492767334,0,0.42458301400680043,0.13393163681030273,0.1792338788509369,0,0.3385106808536762,0.17127493023872375,0.24436400830745697
3,43,0,aligned,0,0.2557736039161682,0,-0.06082904696212979,0.07481466978788376,0.2810271382331848,0,0.2686107795383497,0.130955308675766,0.2177712619304657,0,0.05474759647552549,0.07660821080207825,0.25323066115379333,0,-0.148124096653248,0.0860452726483345,0.30365198850631714,0,-0.2534963099662515,0.07899820804595947,0.3237721025943756
3,43,1,swapped,0,0.2557736039161682,,0.514352756999197,0.16992546617984772,0.1643068641424179,0,0.3601195279153009,0.15136635303497314,0.20301175117492676,1,0.7342836883778144,0.19479115307331085,0.08538061380386353,0,0.25059646083391424,0.18458646535873413,0.25827154517173767,,0.4527522671433874,0.17997108399868011,0.19639627635478973
3,3,0,aligned,0,0.25948333740234375,0,0.07417765332775632,0.025661539286375046,0.24083423614501953,0,0.45415008916028876,0.12472382187843323,0.14741210639476776,0,0.08456788381664683,0.02350693941116333,0.23768888413906097,0,-0.4167708207117442,0.1114124208688736,0.36860281229019165,0,0.028328741841266467,0.03372902423143387,0.25427234172821045
3,3,1,swapped,-1,0.25948333740234375,1,0.6777690175880634,0.20840130746364594,0.13961435854434967,,0.5422709399425368,0.17879919707775116,0.16210123896598816,1,0.7626455736052349,0.20486634969711304,0.08124976605176926,1,0.5911950134418196,0.16980138421058655,0.12865421175956726,0,0.3373227237292515,0.21915531158447266,0.26445358991622925
3,21,0,aligned,0,0.25788769125938416,0,0.08037339100340982,0.07735598832368851,0.24859479069709778,,0.5173089769739802,0.13931596279144287,0.13079233467578888,0,0.1610394146819962,0.06959764659404755,0.22344954311847687,0,-0.23855762408874545,0.09425034373998642,0.3272922933101654,0,-0.06590441575242936,0.09091588854789734,0.28902915120124817
3,21,1,swapped,1,0.25788769125938416,1,0.8169222094771033,0.22201018035411835,0.08446314185857773,1,0.6637571161959394,0.18585540354251862,0.11296261101961136,1,1.0604601484625253,0.2738461494445801,0.02106480300426483,0,0.2577083510478538,0.17934386432170868,0.253755658864975,0,0.33726052348942615,0.1603977233171463,0.21765512228012085
3,31,0,aligned,0,0.2569552958011627,0,-0.06738903319640951,0.08455522358417511,0.2864863872528076,0,0.17993329167165997,0.0772809088230133,0.21963104605674744,0,-0.04472470415923877,0.06014531850814819,0.2748626172542572,0,-0.36113581434691716,0.09942812472581863,0.35156887769699097,0,-0.12775299085000422,0.04162311926484108,0.29090985655784607
3,31,1,swapped,1,0.2569552958011627,1,0.6855213949393479,0.2144443392753601,0.146587535738945,0,0.41040709051889995,0.1697116643190384,0.20157620310783386,1,0.8682391465811586,0.23852168023586273,0.09091679006814957,0,0.40498706705204846,0.23696936666965485,0.26210901141166687,,0.42719679001997546,0.23849917948246002,0.2578675448894501
3,38,0,aligned,0,0.2563989460468292,0,-0.01205099284243381,0.09049715846776962,0.27479925751686096,0,0.42338930677404624,0.13595019280910492,0.16898313164710999,0,0.18279696448020236,0.09219161421060562,0.2240656465291977,0,-0.30038578664094756,0.09293456375598907,0.3374495804309845,0,0.27240024683998354,0.08840969949960709,0.19427114725112915
3,38,1,swapped,-1,0.2563989460468292,1,0.5938581270761248,0.18017306923866272,0.1418512910604477,0,0.4314157712389486,0.14663708209991455,0.174699604511261,1,0.8001633133224457,0.21117793023586273,0.07162678241729736,,0.5105436826304212,0.16072911024093628,0.15635715425014496,1,0.6186848120876792,0.2595572769641876,0.227519690990448
3,27,0,aligned,0,0.25889238715171814,0,-0.11212836177937256,0.10999719798564911,0.3068477213382721,0,0.2617633098339481,0.14853961765766144,0.2323785275220871,0,0.11757689267872984,0.11983518302440643,0.256172776222229,0,-0.2137056357395192,0.09222334623336792,0.3227658271789551,0,0.050440120198132946,0.08933339267969131,0.26123592257499695
3,27,1,swapped,1,0.25889238715171814,,0.49905863507922427,0.15571241080760956,0.15611711144447327,0,0.44022166011929775,0.1495046615600586,0.17425546050071716,1,0.8319327633009411,0.21711941063404083,0.051430292427539825,0,0.10605005652524795,0.17874160408973694,0.2911318838596344,,0.5175399456201548,0.21577957272529602,0.2102607786655426
3,18,0,aligned,0,0.25825944542884827,0,0.08825636471747747,0.0762510895729065,0.24645310640335083,0,0.38179653212276476,0.12934960424900055,0.18027527630329132,0,0.08620721746657496,0.06561584770679474,0.2439337819814682,0,-0.19851317246211955,0.05187255144119263,0.30962806940078735,0,-0.39734604833955856,0.15355217456817627,0.37852418422698975
3,18,1,swapped,-1,0.25825944542884827,1,0.679635953653952,0.2814139723777771,0.23501305282115936,,0.4562335575315903,0.2343476414680481,0.2464895099401474,1,0.8534751884122146,0.2702949643135071,0.16095726191997528,1,0.6910697631502605,0.24226035177707672,0.18221457302570343,0,0.4026757511438445,0.2624971270561218,0.2861597239971161
3,37,0,aligned,0,0.25876739621162415,0,-0.010277816142120626,0.03441041707992554,0.2636684775352478,0,0.2804016113858508,0.10270346701145172,0.19989214837551117,0,0.1458571238620742,0.0386468730866909,0.22118046879768372,0,-0.09981898752628016,0.04653776437044144,0.28721803426742554,0,-0.2002511601099107,0.07517768442630768,0.31532540917396545
3,37,1,swapped,-1,0.25876739621162415,1,0.7202049114889407,0.23765458166599274,0.16428519785404205,0,0.42471021592147584,0.1910739243030548,0.21585211157798767,1,0.9852695388323183,0.2663732171058655,0.0772453024983406,0,0.3818732443966733,0.2176269292831421,0.25135862827301025,0,0.37898185716614397,0.1502668261528015,0.19694414734840393
3,19,0,aligned,0,0.2515895664691925,0,0.1361295559053828,0.0476461760699749,0.21985042095184326,0,0.40351580496401557,0.10408385843038559,0.15181513130664825,0,0.14255490945807145,0.05320514738559723,0.21927475929260254,0,-0.0835324211693976,0.05669381469488144,0.2776441276073456,0,0.18460643611497782,0.17475526034832,0.26545533537864685
3,19,1,swapped,1,0.2515895664691925,1,0.7128821174011744,0.19018079340457916,0.09601563215255737,0,0.43217998046523254,0.14068031311035156,0.16845357418060303,1,0.877533451935597,0.22229626774787903,0.040273066610097885,0,0.3134582141248751,0.19207878410816193,0.2459866851568222,1,0.6390401432643779,0.22672714293003082,0.18385718762874603
3,10,0,aligned,0,0.2528497874736786,0,0.23921386155182925,0.07038162648677826,0.1957019716501236,,0.5124560304786979,0.13534964621067047,0.12933219969272614,0,0.3267613679800264,0.10267838835716248,0.18081533908843994,0,-0.02016024912294032,0.0844256803393364,0.2713642120361328,0,0.047792072031934946,0.10379977524280548,0.26190921664237976
3,10,1,swapped,1,0.2528497874736786,1,0.7056516159527436,0.1998516321182251,0.11681101471185684,0,0.43762830756149906,0.1607101857662201,0.18385589122772217,1,0.9710113479356117,0.24805285036563873,0.036109067499637604,0,0.36038444604696174,0.24198071658611298,0.27641773223876953,,0.521490759058677,0.2580549120903015,0.25267449021339417
3,32,0,aligned,0,0.25987568497657776,0,-0.11523519809929876,0.0794111043214798,0.2990090250968933,0,0.15111751476428117,0.09326840937137604,0.23626850545406342,0,0.06204618700275494,0.05052240937948227,0.2484094500541687,0,-0.09546096401500191,0.025031141936779022,0.28470319509506226,0,-0.27160284182901895,0.13698668777942657,0.35069403052330017
3,32,1,swapped,-1,0.25987568497657776,0,0.31978731955319045,0.23445680737495422,0.28162288665771484,0,0.13335812433724561,0.22237743437290192,0.3146018087863922,1,0.6390558538394633,0.2117861807346344,0.16146518290042877,0,0.21808628030577495,0.2460029572248459,0.31399959325790405,0,-0.058293412701319575,0.14583680033683777,0.3109300136566162
3,20,0,aligned,0,0.25416675209999084,0,-0.02846512885838466,0.02887898124754429,0.2628925144672394,0,0.18233364838392885,0.05426356568932533,0.20973196625709534,0,-0.0013942993658717742,0.01831277459859848,0.255178838968277,0,-0.14399133735806144,0.039932701736688614,0.291203111410141,0,0.1098970986896471,0.08393137902021408,0.23967967927455902
3,20,1,swapped,-1,0.25416675209999084,1,0.5788017274537473,0.17476335167884827,0.1426917165517807,0,0.36330334297707245,0.13222485780715942,0.18746952712535858,1,0.7211784929817145,0.1907273679971695,0.08831954747438431,0,0.2257905915012459,0.1775473952293396,0.2587495744228363,,0.4567667735608925,0.2164733111858368,0.22901198267936707
3,17,0,aligned,0,0.2593691647052765,0,0.07461683244834726,0.037838395684957504,0.24220818281173706,0,0.434358727693345,0.11694245040416718,0.15002408623695374,0,0.20096482844885408,0.05780436471104622,0.20874613523483276,0,0.004896549267294884,0.03988189995288849,0.26115918159484863,0,0.24209911260690936,0.0933128297328949,0.20834223926067352
3,17,1,swapped,-1,0.2593691647052765,1,0.5777616903662185,0.18961292505264282,0.15965786576271057,,0.5134342746111924,0.1606474071741104,0.1549195945262909,1,0.929048645142884,0.2459285855293274,0.052484650164842606,1,0.6659694429505166,0.23059576749801636,0.17562486231327057,,0.5346069904301006,0.21879138052463531,0.20787851512432098
3,14,0,aligned,0,0.26185664534568787,0,-0.2782912546796416,0.07943077385425568,0.3362177908420563,0,0.18919961965246293,0.08670645952224731,0.22392073273658752,0,-0.0563158313142809,0.03357778117060661,0.27824342250823975,0,-0.2360707656781441,0.06616974622011185,0.3245328366756439,0,-0.48699577384381587,0.1433144360780716,0.39483344554901123
3,14,1,swapped,-1,0.26185664534568787,0,0.25015342552918224,0.20221224427223206,0.2741408348083496,0,0.0746988507862841,0.13802583515644073,0.27816540002822876,,0.5326187890640195,0.18374893069267273,0.17114439606666565,0,0.3365155638898891,0.22609630227088928,0.27118155360221863,0,0.1997420017163666,0.2750147879123688,0.3417745530605316
3,22,0,aligned,0,0.26361283659935,0,-0.09612225731023871,0.0707610547542572,0.29640892148017883,0,0.30600132132221,0.09307848662137985,0.1887490451335907,0,-0.0929861608545751,0.054156310856342316,0.2921440899372101,0,-0.20879346149215275,0.06704860180616379,0.3209455907344818,0,-0.039676926989871686,0.11698823422193527,0.29781270027160645
3,22,1,swapped,1,0.26361283659935,,0.4930047332369038,0.17774343490600586,0.18045763671398163,0,0.3600369024579231,0.15737050771713257,0.21028083562850952,1,0.6347502594879973,0.18534402549266815,0.12499737739562988,0,0.4012419667544439,0.21442998945713043,0.24434800446033478,,0.507341626013279,0.24919594824314117,0.24714015424251556
3,30,0,aligned,0,0.2596994638442993,0,-0.3986637548005138,0.15660372376441956,0.3817634880542755,0,-0.07148571152551944,0.10067139565944672,0.2953321635723114,0,-0.19331614203290354,0.13846980035305023,0.3356987535953522,0,-0.34466929756844666,0.11332538723945618,0.35605910420417786,0,0.002205753869575381,0.09547878801822662,0.27615663409233093
3,30,1,swapped,1,0.2596994638442993,,0.5330817873664573,0.14893656969070435,0.13311564922332764,,0.49895831446121786,0.14070327579975128,0.1412017047405243,1,0.6862299434521455,0.17869819700717926,0.08254051208496094,0,0.2840570522646759,0.2024175226688385,0.2647657096385956,0,0.19747035954749342,0.20137019455432892,0.2852323055267334
3,48,0,aligned,0,0.2573096752166748,0,-0.06024734583696766,0.08501067012548447,0.28532931208610535,0,0.29820129203046075,0.12718185782432556,0.20711520314216614,0,-0.16665391298515708,0.0723419114947319,0.30579298734664917,0,-0.22418312107268665,0.06875714659690857,0.3172087073326111,0,0.21798549298736947,0.08016757667064667,0.20921333134174347
3,48,1,swapped,1,0.2573096752166748,1,0.6520845010922965,0.2244010716676712,0.17383137345314026,,0.4531184608076929,0.19814720749855042,0.2132374346256256,1,0.6934834576685993,0.20933429896831512,0.13490904867649078,0,0.3525693923122083,0.2124541699886322,0.2542813718318939,1,0.5745535020502855,0.24540911614894867,0.22439588606357574
3,4,0,aligned,0,0.2606513798236847,0,-0.016994089961032553,0.028680767863988876,0.2665911912918091,0,0.1646432876974925,0.07107789814472198,0.22498837113380432,0,0.13103858065629764,0.03486897051334381,0.22660470008850098,0,-0.10770938820132878,0.05961930379271507,0.2934773564338684,0,-0.3395664286230497,0.10037902742624283,0.35235604643821716
3,4,1,swapped,-1,0.2606513798236847,,0.5041399279300185,0.20461106300354004,0.2032317817211151,0,0.29390636999806,0.1891271024942398,0.25253260135650635,1,0.6864621872764537,0.19966229796409607,0.12053579092025757,0,0.38328513351282656,0.22408273816108704,0.2570449113845825,0,0.12279140511898873,0.18066193163394928,0.28964319825172424
3,34,0,aligned,0,0.25691163539886475,0,0.03132730968722693,0.026428230106830597,0.2501331865787506,0,0.38905671852929913,0.12178138643503189,0.17168579995632172,0,0.11005399430467902,0.05123623088002205,0.23259583115577698,0,-0.1702247136790087,0.054021697491407394,0.302312433719635,0,0.19436372166096935,0.10795808583498001,0.22803756594657898
3,34,1,swapped,-1,0.25691163539886475,,0.556366790681997,0.23632563650608063,0.22002039849758148,0,0.3955868825426683,0.23129913210868835,0.25938883423805237,1,0.7099006406135514,0.23732133209705353,0.1691538691520691,,0.5500088555502288,0.2062225490808487,0.18954211473464966,,0.4558528244802853,0.2183484137058258,0.23130883276462555
3,33,0,aligned,0,0.2573417127132416,0,-0.02213082844792118,0.01178728137165308,0.2632392644882202,0,0.16133163984129223,0.07693970948457718,0.22533570230007172,0,0.015225016782851892,0.04320686683058739,0.25705066323280334,0,0.10550200077920585,0.03189726918935776,0.23079971969127655,0,-0.07996666802422041,0.026638345792889595,0.27843475341796875
3,33,1,swapped,-1,0.2573417127132416,,0.5185637411421025,0.16695839166641235,0.1594250202178955,0,0.3941472876807511,0.15800055861473083,0.19744445383548737,1,0.704803951426427,0.18416351079940796,0.08240155875682831,,0.4918852787584729,0.24721983075141907,0.2493841052055359,0,0.255205974841529,0.14233924448490143,0.22952844202518463
3,41,0,aligned,0,0.25423794984817505,0,-0.10558245978322901,0.055312976241111755,0.28521135449409485,0,0.14411030735907632,0.08414052426815033,0.23040586709976196,0,-0.11649361362552581,0.04762392118573189,0.28629451990127563,0,-0.3060919911340346,0.07833359390497208,0.33217883110046387,0,0.1887306964743967,0.07831614464521408,0.21534255146980286
3,41,1,swapped,1,0.25423794984817505,,0.5526392200126726,0.1972351223230362,0.1791558414697647,0,0.2821443115799656,0.1908682882785797,0.2541530132293701,1,0.7008276714576338,0.2050960659980774,0.12689609825611115,0,0.2659511530446412,0.1786590814590454,0.24935010075569153,0,0.2009864965662193,0.2975824475288391,0.3566650152206421
3,7,0,aligned,0,0.25369885563850403,0,0.0017262983624794094,0.04830707237124443,0.25782641768455505,0,0.22695192083966628,0.07793712615966797,0.20303361117839813,0,0.06231315844915942,0.021500958129763603,0.23833602666854858,0,-0.08077341477333895,0.02479897066950798,0.27454644441604614,0,-0.12089476013089978,0.033925965428352356,0.2847391963005066
3,7,1,swapped,1,0.25369885563850403,1,0.651431470353654,0.18947529792785645,0.12809251248836517,,0.4901289203083345,0.15195681154727936,0.15608184039592743,1,0.7992500002893964,0.20555998384952545,0.06110316142439842,1,0.6017797299815828,0.2168240249156952,0.18414925038814545,0,0.3162865348485357,0.17383533716201782,0.2320936620235443
3,26,0,aligned,0,0.25820067524909973,0,0.2461238423633869,0.0637611374258995,0.1947205662727356,,0.5360241404421024,0.14649555087089539,0.12906453013420105,0,0.2829996841742464,0.0869022086262703,0.19101247191429138,0,0.06669038386575192,0.03956367447972298,0.24359944462776184,0,-0.06571845972472869,0.04415619745850563,0.27817249298095703
3,26,1,swapped,0,0.25820067524909973,1,0.7646642166515496,0.21039581298828125,0.09474888443946838,1,0.6053761679182724,0.17034170031547546,0.12233538925647736,1,0.9256104064697565,0.251402884721756,0.08034032583236694,,0.5365518577840879,0.20271041989326477,0.19030991196632385,0,0.33885404424600346,0.17426300048828125,0.22771476209163666
3,25,0,aligned,0,0.25644972920417786,0,-0.40048167417674696,0.12051498889923096,0.36464619636535645,0,0.05794190993001606,0.09667953103780746,0.2597924768924713,0,-0.26252865489788463,0.07981263846158981,0.32660019397735596,0,-0.265651224506558,0.0728570893406868,0.3256017565727234,0,-0.15446567501508152,0.060360100120306015,0.2995448708534241
3,25,1,swapped,-1,0.25644972920417786,0,0.21823240276310535,0.22956839203834534,0.2996053695678711,0,0.11129032006819965,0.20825323462486267,0.3074045181274414,,0.5038024136104746,0.20560316741466522,0.2043832689523697,0,0.16044809831171883,0.2559674382209778,0.3319361209869385,0,-0.025270727538440188,0.3122696876525879,0.40817004442214966
3,47,0,aligned,0,0.25707465410232544,0,-0.11525896362801895,0.03783656656742096,0.28766873478889465,0,0.19668760386724068,0.07743247598409653,0.21467657387256622,0,0.06668178205942957,0.059112608432769775,0.24651171267032623,0,-0.16795481492479733,0.04536513611674309,0.30057403445243835,0,-0.06925459073333697,0.10609807819128036,0.29410520195961
3,47,1,swapped,-1,0.25707465410232544,,0.5441318172732497,0.1749853640794754,0.15743812918663025,0,0.3849899555777124,0.14386166632175446,0.18946664035320282,1,0.814045212808834,0.21378850936889648,0.06478176265954971,0,0.13843766308305308,0.19696134328842163,0.2942501902580261,,0.5390367207934704,0.21692922711372375,0.204691544175148
3,46,0,aligned,0,0.25677239894866943,0,0.07705704956757928,0.024617137387394905,0.23743842542171478,0,0.3759852810158418,0.10136489570140839,0.16318069398403168,0,0.0984816146042626,0.02819179743528366,0.23182030022144318,0,-0.18522242049384513,0.08821435272693634,0.3132699131965637,0,0.034837443040383526,0.09937874227762222,0.2668602466583252
3,46,1,swapped,1,0.25677239894866943,1,0.6850828748011696,0.1825321465730667,0.09440440684556961,,0.544369060797455,0.15809418261051178,0.13835854828357697,1,0.8434435475450355,0.2168072909116745,0.04144290089607239,0,0.22810651114919092,0.1769740879535675,0.25917720794677734,0,0.3771564251984236,0.22780294716358185,0.26094603538513184
3,24,0,aligned,0,0.2578442692756653,0,-0.02241247921029549,0.06151748448610306,0.27064403891563416,0,0.0939033452583112,0.12009533494710922,0.26157307624816895,0,0.05388308702835626,0.05153418332338333,0.24894727766513824,0,-0.2558409530030806,0.0776236280798912,0.32638564705848694,0,-0.11140773433601317,0.08953239768743515,0.2988533079624176
3,24,1,swapped,1,0.2578442692756653,,0.5447122231975728,0.20716364681720734,0.19227975606918335,0,0.2383862583373145,0.21568849682807922,0.2851448953151703,1,0.8568691111246338,0.24334368109703064,0.10846295207738876,0,0.2700952014655586,0.20035982131958008,0.26592081785202026,0,0.35179362716900175,0.1848992109298706,0.23215150833129883
3,2,0,aligned,0,0.25475913286209106,0,-0.04491919408584086,0.02117515727877617,0.2667982578277588,0,0.23756962009186747,0.08199817687273026,0.2019612044095993,0,0.10783888484101817,0.03448869287967682,0.2282404750585556,0,0.012479765947803858,0.022738490253686905,0.2525852620601654,0,-0.025136387477618885,0.045590344816446304,0.26503491401672363
3,2,1,swapped,-1,0.25475913286209106,0,0.3987605594610142,0.2099529504776001,0.2392103224992752,0,0.20799783423929233,0.19785740971565247,0.2775801122188568,1,0.7321136761486332,0.21516746282577515,0.12715210020542145,1,0.5697802911183721,0.1979680210351944,0.17359016835689545,,0.5583449000904256,0.2612473666667938,0.24632655084133148
3,23,0,aligned,0,0.25803008675575256,0,-0.23562812767417926,0.06452204287052155,0.31956008076667786,0,0.14615634938211108,0.08608473837375641,0.23351246118545532,0,-0.12545956576616357,0.036409053951501846,0.29088008403778076,0,-0.1627301759493151,0.0623294971883297,0.30353498458862305,0,-0.06896503730408376,0.03097788244485855,0.2769882380962372
3,23,1,swapped,-1,0.25803008675575256,0,0.30284930775021424,0.16896367073059082,0.23409640789031982,0,0.1498361487320103,0.1861000508069992,0.28506267070770264,,0.4734714143770815,0.14946308732032776,0.16084694862365723,0,0.37302377208626575,0.24731840193271637,0.2794179916381836,0,0.18460596243148478,0.1507406085729599,0.2544018626213074
3,16,0,aligned,0,0.2594285309314728,0,-0.024701989410710043,0.057753633707761765,0.2719626724720001,0,0.1739228411878833,0.09235142916440964,0.22895598411560059,0,0.13309852746699483,0.04753228276968002,0.2272588312625885,0,-0.03636550527394374,0.025783607736229897,0.26993146538734436,0,-0.09217611812677524,0.0385035015642643,0.28494417667388916
3,16,1,swapped,-1,0.2594285309314728,1,0.6003545446071736,0.21624717116355896,0.18235813081264496,0,0.4160549470524432,0.19689103960990906,0.22375346720218658,1,0.8782894758691142,0.24346700310707092,0.0914113000035286,0,0.37543873884983947,0.21735836565494537,0.2530047297477722,0,0.11115335844861633,0.0871889740228653,0.24483288824558258
3,8,0,aligned,0,0.25419867038726807,0,0.00030328957505860603,0.01797526143491268,0.25475654006004333,0,0.24224057486772063,0.07502837479114532,0.19733354449272156,0,0.03772432133063323,0.026301749050617218,0.24583224952220917,0,-0.1767349153549229,0.0985894650220871,0.3117322623729706,0,-0.027263166624446267,0.2016366869211197,0.3298448920249939
3,8,1,swapped,1,0.25419867038726807,1,0.5740438175096391,0.1545742303133011,0.11968383938074112,0,0.3828206658493166,0.10982685536146164,0.16494084894657135,1,0.7345103504162409,0.18738240003585815,0.06932151317596436,0,0.2842901605639646,0.16106361150741577,0.23198820650577545,,0.47050676469947283,0.29160359501838684,0.2980674207210541
3,5,0,aligned,0,0.2583853602409363,0,-0.09147381650343307,0.03878836706280708,0.2836929261684418,0,0.15320134590991988,0.053860582411289215,0.22182786464691162,0,0.043118685537126354,0.04362473636865616,0.2508159577846527,0,-0.31652304632477224,0.0895494669675827,0.34212011098861694,0,-0.22251439830336162,0.11941992491483688,0.3327695429325104
3,5,1,swapped,1,0.2583853602409363,1,0.6201233866077254,0.1881643533706665,0.1391626000404358,0,0.3919215496690131,0.13505950570106506,0.18075495958328247,1,0.8444391212459453,0.22117021679878235,0.05408038571476936,,0.45549683297588667,0.2080758810043335,0.22189614176750183,0,0.3663651749881539,0.23177780210971832,0.26751574873924255
3,6,0,aligned,0,0.2627001106739044,0,0.03444046626699978,0.04832916706800461,0.2580571472644806,0,0.27136936525126404,0.0887753963470459,0.19858825206756592,0,0.04095893184131751,0.04030408337712288,0.2549166679382324,0,-0.16079182918046192,0.06565023213624954,0.30905377864837646,0,-0.0405510560432244,0.08214244246482849,0.2852292060852051
3,6,1,swapped,-1,0.2627001106739044,1,0.6259554202531982,0.1793099045753479,0.12152091413736343,0,0.3753736688191704,0.1577969789505005,0.2051856368780136,1,0.8242230241854643,0.21771031618118286,0.0514552965760231,,0.505005156788948,0.19816064834594727,0.19640979170799255,0,0.35034874856775355,0.23111951351165771,0.2721607983112335
3,28,0,aligned,0,0.25557345151901245,0,0.04161510022750592,0.04738866165280342,0.2492530196905136,0,0.4355599616964219,0.13829588890075684,0.16596361994743347,0,0.12022853536721759,0.045198291540145874,0.22727638483047485,0,-0.17832575550613936,0.08506383001804352,0.3095954358577728,0,-0.050385623667915505,0.026565466076135635,0.2694544196128845
3,28,1,swapped,-1,0.25557345151901245,,0.5148481117123057,0.15662828087806702,0.1503087878227234,0,0.4084663397896953,0.16684432327747345,0.19948579370975494,1,0.692752890020937,0.18345534801483154,0.09206239879131317,,0.465921821005486,0.1657174974679947,0.17864523828029633,0,0.3110456146794642,0.18249841034412384,0.24081078171730042
3,40,0,aligned,0,0.25760188698768616,0,-0.1251326837117846,0.07571976631879807,0.2978246212005615,0,0.36179783033079477,0.12180248647928238,0.18214742839336395,0,-0.08382755934164628,0.05663980171084404,0.2840636968612671,0,-0.3249975944586207,0.08568363636732101,0.34180885553359985,0,-0.4667052021109482,0.15802349150180817,0.39149725437164307
3,40,1,swapped,-1,0.25760188698768616,,0.46289066469178364,0.23095402121543884,0.24138104915618896,0,0.2812251340843712,0.22159439325332642,0.27953410148620605,1,0.6060115068524526,0.18923717737197876,0.14744870364665985,1,0.6271734220743256,0.2217046469449997,0.1796519160270691,0,0.11792304883647585,0.3510177433490753,0.41703924536705017
3,39,0,aligned,0,0.2615467309951782,0,-0.017328828496684216,0.01373172178864479,0.26639455556869507,0,0.2567955933910232,0.0987628623843193,0.20743124186992645,0,0.07899594135572703,0.04625643789768219,0.24441491067409515,0,-0.31148550911294376,0.08370065689086914,0.3435518443584442,0,-0.13675734156186137,0.14431177079677582,0.32854652404785156
3,39,1,swapped,1,0.2615467309951782,1,0.6212534135622805,0.22291862964630127,0.18194401264190674,0,0.38931641730539523,0.19425445795059204,0.22995169460773468,1,0.8734868714337511,0.24599727988243103,0.09703945368528366,0,0.21968849818072228,0.21423549950122833,0.2902536988258362,,0.488093307430214,0.25027209520339966,0.2535056471824646
3,0,0,aligned,0,0.2567858397960663,0,-0.13834066388269253,0.07161697000265121,0.2988511919975281,0,0.11062191348015825,0.10705374926328659,0.2506210207939148,0,-0.08659402810881318,0.07726063579320908,0.28866592049598694,0,-0.34800836774130417,0.09414307028055191,0.3474140465259552,0,-0.2965295443775255,0.08725839108228683,0.3356466591358185
3,0,1,swapped,-1,0.2567858397960663,0,0.4154383674543043,0.1833476573228836,0.2115849405527115,0,0.30894144162976156,0.1950199007987976,0.25145411491394043,1,0.5694086039851401,0.17771708965301514,0.14976619184017181,0,0.2531073103840397,0.18440701067447662,0.25800320506095886,0,-0.22200118460894233,0.3091013729572296,0.43676045536994934
3,1,0,aligned,0,0.25668931007385254,0,-0.048050586446015585,0.05699217692017555,0.27471724152565,,0.5040429579833833,0.1421419084072113,0.14025530219078064,0,0.07230781843212972,0.062211014330387115,0.24541999399662018,0,-0.4170488577801273,0.10915733128786087,0.36436644196510315,0,0.03273486816625723,0.08419342339038849,0.2620384991168976
3,1,1,swapped,1,0.25668931007385254,1,0.6575720088991663,0.20585447549819946,0.14700822532176971,0,0.4328018239333298,0.16701027750968933,0.19169697165489197,1,0.9274024215457072,0.24048353731632233,0.03885561227798462,0,0.39390121586132226,0.18393467366695404,0.2186630666255951,1,0.6452192423270132,0.25802868604660034,0.21781182289123535
3,11,0,aligned,0,0.26151347160339355,0,-0.06026451685227762,0.05261479318141937,0.28178098797798157,0,0.4352496051881588,0.12000828981399536,0.1525072455406189,0,0.04578927765012001,0.025788595899939537,0.2505820393562317,0,-0.22982129099114332,0.07888109982013702,0.3256472945213318,0,0.025285000712491568,0.12683703005313873,0.284637451171875
3,11,1,swapped,1,0.26151347160339355,1,0.6833302357017976,0.197475403547287,0.11798679083585739,1,0.5872663812052132,0.17257529497146606,0.13358916342258453,1,0.9395751589270182,0.24788706004619598,0.03638024628162384,0,0.3327320369327739,0.16053450107574463,0.2205674797296524,,0.5220869662414087,0.2478671818971634,0.24169635772705078
3,9,0,aligned,0,0.2610602080821991,0,0.11800251146135063,0.0737357959151268,0.23980216681957245,,0.47764506414158375,0.14154605567455292,0.1519288569688797,0,0.16268745769226733,0.07861208915710449,0.2283795177936554,0,0.15206914603098806,0.04189308360219002,0.2217649668455124,0,0.14303443630794957,0.06671815365552902,0.2304505556821823
3,9,1,swapped,-1,0.2610602080821991,1,0.7361265073359641,0.21420449018478394,0.11704007536172867,1,0.5605324171249457,0.18097227811813354,0.15652510523796082,1,0.9966731035640821,0.26312655210494995,0.0391998365521431,1,0.5883900366273456,0.1849910467863083,0.1489083468914032,1,0.6639377085869611,0.23695454001426697,0.18385307490825653
3,36,0,aligned,0,0.25878849625587463,0,-0.044035961300557584,0.06320179998874664,0.27724403142929077,0,0.17705506654977995,0.0962839350104332,0.2291872501373291,0,0.018871175640466538,0.04504842683672905,0.2578239440917969,0,-0.1352451144540515,0.04573969915509224,0.2952604293823242,0,0.13448851676983253,0.08535927534103394,0.23715795576572418
3,36,1,swapped,1,0.25878849625587463,1,0.5834526675537004,0.20634156465530396,0.17719747126102448,0,0.29096235187055836,0.17246361076831818,0.2402973622083664,1,0.7992857746785986,0.22318395972251892,0.09860962629318237,0,0.3834062484703118,0.26940762996673584,0.29698047041893005,,0.5248387430524344,0.2422579675912857,0.23529118299484253
3,44,0,aligned,0,0.2540373206138611,0,-0.06767822064517097,0.07842423021793365,0.2818164825439453,0,0.035355961449986636,0.10264074057340622,0.26553094387054443,0,0.16021150785610505,0.09792383015155792,0.23118291795253754,0,-0.1427883241636924,0.040003105998039246,0.29080039262771606,0,-0.7748212107620471,0.23648159205913544,0.46953657269477844
3,44,1,swapped,1,0.2540373206138611,,0.5065948103930679,0.1495486944913864,0.14667518436908722,0,0.24993286564412326,0.1117955893278122,0.21159960329532623,1,0.837063590608579,0.2174489051103592,0.06147568300366402,0,0.30102574715111924,0.14554014801979065,0.2164798378944397,0,0.1389958247395008,0.32585328817367554,0.39086461067199707
3,45,0,aligned,0,0.2573500871658325,0,0.17247070405441983,0.0858936458826065,0.22530341148376465,,0.5123459435889786,0.1388709843158722,0.13285265862941742,0,0.283875254609177,0.10760191082954407,0.20051345229148865,0,-0.27102509878937314,0.07336564362049103,0.3278887867927551,0,-0.21343628847599436,0.06681185215711594,0.3145858347415924
3,45,1,swapped,-1,0.2573500871658325,1,0.6999156496361729,0.2128870040178299,0.13726045191287994,0,0.4474217846683033,0.15525195002555847,0.17625999450683594,1,0.8967760453966503,0.23818106949329376,0.06460659950971603,,0.5138844546261866,0.17667937278747559,0.17139571905136108,0,0.40150134760337197,0.1709475964307785,0.20559677481651306
3,15,0,aligned,0,0.2601375877857208,0,-0.029332076404840268,0.05906781554222107,0.27409934997558594,0,0.30118346667623797,0.09254252910614014,0.18834161758422852,0,0.12200343168012501,0.059447191655635834,0.23386576771736145,0,-0.13539807940856502,0.05071215704083443,0.2976045608520508,0,0.08306530844329393,0.034717902541160583,0.24007199704647064
3,15,1,swapped,1,0.2601375877857208,1,0.5566722116264032,0.15476182103157043,0.1275971233844757,0,0.4334344997640025,0.14671200513839722,0.17473863065242767,1,0.734379381601751,0.19167529046535492,0.07083629816770554,1,0.5535155591555528,0.16305452585220337,0.13908202946186066,,0.4624001524652904,0.2155814915895462,0.2270776480436325
3,42,0,aligned,0,0.2574775218963623,0,-0.07627362476021084,0.07789983600378036,0.2871865928173065,0,0.3301746273090085,0.1031760573387146,0.18210528790950775,0,-0.057303431470115324,0.08896470814943314,0.28601962327957153,0,-0.3158505790285169,0.09402286261320114,0.3420722186565399,0,-0.49193199175402885,0.14562834799289703,0.39080333709716797
3,42,1,swapped,-1,0.2574775218963623,1,0.5801751330451237,0.25576251745224,0.23406003415584564,,0.4591357070938256,0.23320263624191284,0.24454373121261597,1,0.6966672327164963,0.2370779663324356,0.17357993125915527,1,0.5754338007721129,0.2274918407201767,0.204330176115036,0,0.2821333769989641,0.24776360392570496,0.30045565962791443
3,13,0,aligned,0,0.26051393151283264,0,-0.01665771057444909,0.019779203459620476,0.26555559039115906,0,0.31593758737901967,0.09226507693529129,0.1830206662416458,0,0.10837192007309675,0.038245461881160736,0.23371000587940216,0,-0.05136396076725243,0.05065957084298134,0.27821898460388184,0,-0.1511999420794085,0.043060965836048126,0.30040785670280457
3,13,1,swapped,-1,0.26051393151283264,,0.47420865003853874,0.15324948728084564,0.16427475214004517,0,0.25988838210201026,0.12768222391605377,0.22112058103084564,1,0.7502393505867754,0.19980628788471222,0.07717712968587875,0,0.3033796544371444,0.16462011635303497,0.23192250728607178,0,0.3650142007545705,0.16024965047836304,0.209767147898674
3,35,0,aligned,0,0.26157906651496887,0,-0.08333480560369055,0.055056098848581314,0.2878522574901581,0,0.3092333156424964,0.0845084935426712,0.18233917653560638,0,-0.08142236043748126,0.035818152129650116,0.2843395173549652,0,-0.2824588383152603,0.07811950147151947,0.336422324180603,0,0.21686741084329977,0.10346659272909164,0.22237636148929596
3,35,1,swapped,1,0.26157906651496887,1,0.592288784147326,0.16896644234657288,0.12617526948451996,0,0.3468813148828866,0.13781021535396576,0.1998637616634369,1,0.7553792811625689,0.19934014976024628,0.06919930875301361,0,0.27542645842148805,0.18500639498233795,0.25487181544303894,1,0.5709486586069914,0.19418227672576904,0.16732493042945862
3,29,0,aligned,0,0.2606886923313141,0,-0.07772980158747995,0.08188634365797043,0.29193970561027527,0,0.28224372013087246,0.0932246670126915,0.19567231833934784,0,-0.05066118137987462,0.07796062529087067,0.28446823358535767,0,-0.03918404568277875,0.07567475736141205,0.28108903765678406,0,0.23906479255198493,0.07746929675340652,0.20363463461399078
3,29,1,swapped,1,0.2606886923313141,1,0.7492052349409604,0.20009835064411163,0.07853705435991287,,0.5173688384123709,0.1629948616027832,0.1555846929550171,1,0.9027612885033618,0.23780658841133118,0.04254152253270149,1,0.8763009868494983,0.23661744594573975,0.06958474963903427,,0.4832864446524813,0.15408478677272797,0.16128787398338318
3,12,0,aligned,0,0.2543938159942627,0,-0.1364773216038933,0.10118317604064941,0.3043334484100342,0,0.19114273162159523,0.09511958807706833,0.22141337394714355,0,-0.112345541375242,0.08402439206838608,0.2937983572483063,0,-0.19084217834452982,0.06270518898963928,0.30553123354911804,0,-0.19687697442708227,0.08148711919784546,0.31118908524513245
3,12,1,swapped,1,0.2543938159942627,1,0.7938546158536248,0.2743353843688965,0.19293932616710663,,0.48335586751375537,0.21550215780735016,0.22044380009174347,1,1.0124033163927872,0.28601306676864624,0.12442614883184433,,0.5092917804888382,0.2154432088136673,0.21263375878334045,0,0.1757905824778634,0.3383362889289856,0.3955181837081909
3,49,0,aligned,0,0.2565370202064514,0,-0.012361893625746983,0.019720425829291344,0.26043662428855896,0,0.29612791639566693,0.09737277030944824,0.1905665397644043,0,0.11310373501293723,0.0681459829211235,0.2357289046049118,0,-0.145912149674489,0.042039960622787476,0.29459109902381897,0,-0.07867115464843058,0.06440368294715881,0.28339719772338867
3,49,1,swapped,-1,0.2565370202064514,,0.48578710488524046,0.15249447524547577,0.15850964188575745,0,0.35355163881949975,0.1435457020998001,0.19970294833183289,1,0.6319214177233533,0.1652671992778778,0.09974680840969086,0,0.35985595551245975,0.18386676907539368,0.22858937084674835,0,0.37729911066807725,0.1186736673116684,0.1738782376050949
