split,mode,metric,mean,median,q05,q95
train,paired,action_recovery,0.20024140179157257,0.17290151119232178,0.06128686238080263,0.45314126908779145
train,paired,cosine_to_natural_prompt_delta,0.661122739315033,0.696058988571167,0.3425814688205719,0.9008936077356339
train,paired,effect_norm_ratio,0.29476475715637207,0.28195109963417053,0.12867912352085115,0.5442902117967606
train,paired,orthogonal_distortion_ratio,0.2035641223192215,0.18996235728263855,0.08516047038137912,0.3639002874493599
train,paired,normalized_source_error,0.8324039578437805,0.8542318344116211,0.6231605857610703,0.9549739122390747
train,goal,action_recovery,0.006265524309128523,0.005224175751209259,-0.01015979666262865,0.02520512472838164
train,goal,cosine_to_natural_prompt_delta,0.06520674377679825,0.06453903764486313,-0.10546254813671113,0.24014315009117126
train,goal,effect_norm_ratio,0.10384673625230789,0.09409289062023163,0.029161350149661303,0.2062532313168049
train,goal,orthogonal_distortion_ratio,0.10314632207155228,0.09368788450956345,0.028833930660039187,0.2057497173547745
train,goal,normalized_source_error,1.0006247758865356,0.999014139175415,0.9844187945127487,1.0212951362133027
train,null,action_recovery,0.19697697460651398,0.17235946655273438,0.05814937390387058,0.448481470346451
train,null,cosine_to_natural_prompt_delta,0.6282792687416077,0.658458948135376,0.2802147477865219,0.8925290822982788
train,null,effect_norm_ratio,0.3044552505016327,0.28836578130722046,0.13555118963122367,0.5536594152450562
train,null,orthogonal_distortion_ratio,0.2184869647026062,0.20774242281913757,0.09376784637570382,0.38331189155578616
train,null,normalized_source_error,0.8393569588661194,0.8605605363845825,0.6360336989164352,0.9657250374555588
train,shuffled,action_recovery,0.07123705744743347,0.05195688456296921,-0.0849103469401598,0.2858098864555359
train,shuffled,cosine_to_natural_prompt_delta,0.25814250111579895,0.27314668893814087,-0.33370082527399064,0.7930555880069734
train,shuffled,effect_norm_ratio,0.28167062997817993,0.21935027837753296,0.08396048285067081,0.6346776008605958
train,shuffled,orthogonal_distortion_ratio,0.25140637159347534,0.19614696502685547,0.07490394860506058,0.5754277318716049
train,shuffled,normalized_source_error,0.9834540486335754,0.9729586839675903,0.7876690953969956,1.1751813828945161
train,random,action_recovery,0.005538387689739466,0.005083298310637474,-0.05913175661116839,0.07577128894627104
train,random,cosine_to_natural_prompt_delta,0.006503405049443245,0.00856115110218525,-0.10373808480799199,0.10943064391613011
train,random,effect_norm_ratio,0.6386542320251465,0.5768731236457825,0.2778145089745522,1.2540864765644075
train,random,orthogonal_distortion_ratio,0.6373857259750366,0.5764830708503723,0.2777208641171455,1.251379728317261
train,random,normalized_source_error,1.2071610689163208,1.1471116542816162,1.0293415904045105,1.5998823821544648
valid,paired,action_recovery,0.1991429626941681,0.1773398369550705,0.054554995149374015,0.4936695158481595
valid,paired,cosine_to_natural_prompt_delta,0.6790162324905396,0.7197805047035217,0.32842661440372467,0.8970090091228485
valid,paired,effect_norm_ratio,0.28452232480049133,0.2427983433008194,0.1162080392241478,0.6183632731437682
valid,paired,orthogonal_distortion_ratio,0.19143156707286835,0.15684659779071808,0.08337111249566079,0.3976207345724105
valid,paired,normalized_source_error,0.8330804705619812,0.8501111268997192,0.6347143173217773,0.9655119180679321
valid,goal,action_recovery,0.009191326797008514,0.006170985288918018,-0.006242985697463154,0.03912098072469231
valid,goal,cosine_to_natural_prompt_delta,0.09611713886260986,0.09094250202178955,-0.08207652345299721,0.29718977510929107
valid,goal,effect_norm_ratio,0.09573150426149368,0.0852319672703743,0.02848883680999279,0.19923985749483106
valid,goal,orthogonal_distortion_ratio,0.09466785192489624,0.08358899503946304,0.02756916880607605,0.19847681522369368
valid,goal,normalized_source_error,0.9968116879463196,0.9973897933959961,0.9789367973804474,1.0147773027420044
valid,null,action_recovery,0.19366499781608582,0.16924655437469482,0.05679417960345745,0.47617383897304527
valid,null,cosine_to_natural_prompt_delta,0.642007052898407,0.6661267280578613,0.2728299289941788,0.8859331011772155
valid,null,effect_norm_ratio,0.29073742032051086,0.25147852301597595,0.1262469008564949,0.6146773636341093
valid,null,orthogonal_distortion_ratio,0.20491944253444672,0.17421330511569977,0.09308756962418556,0.4158397138118743
valid,null,normalized_source_error,0.8412509560585022,0.8617304563522339,0.639526492357254,0.9750048518180847
valid,shuffled,action_recovery,0.11873255670070648,0.09316641837358475,-0.05273535624146461,0.33365203142166133
valid,shuffled,cosine_to_natural_prompt_delta,0.3648379445075989,0.4146537780761719,-0.32278816103935243,0.8523688018321991
valid,shuffled,effect_norm_ratio,0.31794342398643494,0.22220908105373383,0.0798114538192749,0.7065433561801909
valid,shuffled,orthogonal_distortion_ratio,0.26893553137779236,0.17109453678131104,0.07402911260724068,0.6511855900287626
valid,shuffled,normalized_source_error,0.9790142178535461,0.9535314440727234,0.7636565387248992,1.1568366050720214
valid,random,action_recovery,-0.0006890603108331561,0.0012341454857960343,-0.06943359598517418,0.05942426286637773
valid,random,cosine_to_natural_prompt_delta,0.0008653108379803598,0.0021659517660737038,-0.10188717544078826,0.10311416983604423
valid,random,effect_norm_ratio,0.6444582939147949,0.5085101127624512,0.28838021159172056,1.4158519029617305
valid,random,orthogonal_distortion_ratio,0.643380880355835,0.5062134265899658,0.28801846504211426,1.4157959699630733
valid,random,normalized_source_error,1.223397970199585,1.1225862503051758,1.0306697607040405,1.7262050867080685
test,paired,action_recovery,0.22518111765384674,0.1858641356229782,0.04873505048453808,0.5519382655620575
test,paired,cosine_to_natural_prompt_delta,0.6731796264648438,0.7140255570411682,0.26921115815639496,0.9221851527690887
test,paired,effect_norm_ratio,0.31692230701446533,0.2887093424797058,0.13366548717021942,0.6341891586780548
test,paired,orthogonal_distortion_ratio,0.20619437098503113,0.1915728747844696,0.0951717421412468,0.34274162352085114
test,paired,normalized_source_error,0.8090164065361023,0.8491457104682922,0.5120278298854828,0.9709474742412567
test,goal,action_recovery,0.007180638145655394,0.005820792634040117,-0.006817368557676673,0.026529974304139614
test,goal,cosine_to_natural_prompt_delta,0.07104938477277756,0.06120441481471062,-0.07822223007678986,0.2643468528985977
test,goal,effect_norm_ratio,0.10625232011079788,0.09614243358373642,0.028316084295511246,0.21769363433122635
test,goal,orthogonal_distortion_ratio,0.10554405301809311,0.09504295885562897,0.027296395041048527,0.2175719067454338
test,goal,normalized_source_error,1.0002336502075195,0.9993951320648193,0.9840461611747742,1.0171139240264893
test,null,action_recovery,0.2218734174966812,0.17926546931266785,0.05210515856742859,0.5439493060112
test,null,cosine_to_natural_prompt_delta,0.6356899738311768,0.6616141200065613,0.24082043021917343,0.919680118560791
test,null,effect_norm_ratio,0.32798904180526733,0.29596835374832153,0.1529076024889946,0.6421502828598022
test,null,orthogonal_distortion_ratio,0.2230791598558426,0.21085596084594727,0.11430243402719498,0.36081641912460327
test,null,normalized_source_error,0.8166102766990662,0.8613576292991638,0.5178678929805756,0.9755212068557739
test,shuffled,action_recovery,0.07732321321964264,0.0550915002822876,-0.10708664730191231,0.3962753713130951
test,shuffled,cosine_to_natural_prompt_delta,0.2544580101966858,0.2870479226112366,-0.3883191645145416,0.8380701243877411
test,shuffled,effect_norm_ratio,0.31143203377723694,0.22146444022655487,0.09087079390883446,0.9466497600078583
test,shuffled,orthogonal_distortion_ratio,0.275047242641449,0.19008538126945496,0.08405668660998344,0.8664732277393341
test,shuffled,normalized_source_error,0.9983352422714233,0.9734510183334351,0.7802875339984894,1.2639818787574768
test,random,action_recovery,0.00502207363024354,0.005443772301077843,-0.07052711397409439,0.07206923887133598
test,random,cosine_to_natural_prompt_delta,0.007560807280242443,0.0098746782168746,-0.09598436579108238,0.11342509090900421
test,random,effect_norm_ratio,0.6581652164459229,0.5825133323669434,0.3074623793363571,1.2634599208831787
test,random,orthogonal_distortion_ratio,0.6569333076477051,0.5824151039123535,0.30674298107624054,1.2605389952659607
test,random,normalized_source_error,1.2164992094039917,1.151516318321228,1.0347821116447449,1.599956214427948
