scope,kind,name,metric,mean,ci95_low,ci95_high
task_0,condition,correct,success,1.0,1.0,1.0
task_0,condition,correct,target_ever_grasped,1.0,1.0,1.0
task_0,condition,correct,target_ever_in_basket,1.0,1.0,1.0
task_0,condition,correct,alternative_ever_grasped,0.0,0.0,0.0
task_0,condition,correct,target_min_eef_distance,0.017718577897176145,0.014384653251618147,0.021286711924476533
task_0,condition,correct,target_max_displacement,0.5388069838285446,0.5336876609176398,0.5442816452682018
task_0,condition,mismatch,success,0.8,0.6,0.95
task_0,condition,mismatch,target_ever_grasped,0.85,0.7,1.0
task_0,condition,mismatch,target_ever_in_basket,0.8,0.6,0.95
task_0,condition,mismatch,alternative_ever_grasped,0.05,0.0,0.15
task_0,condition,mismatch,target_min_eef_distance,0.04751370719168335,0.017740258726407773,0.08294381459360006
task_0,condition,mismatch,target_max_displacement,0.4685024321079254,0.38307834818959235,0.5504713469743728
task_0,condition,paired,success,0.2,0.05,0.4
task_0,condition,paired,target_ever_grasped,0.45,0.25,0.65
task_0,condition,paired,target_ever_in_basket,0.2,0.05,0.4
task_0,condition,paired,alternative_ever_grasped,0.15,0.0,0.3
task_0,condition,paired,target_min_eef_distance,0.09772968152537942,0.05239346516202204,0.1455875299940816
task_0,condition,paired,target_max_displacement,0.2928045876324177,0.17851979924365877,0.4082534629106517
task_0,condition,random,success,0.8,0.6,0.95
task_0,condition,random,target_ever_grasped,0.85,0.7,1.0
task_0,condition,random,target_ever_in_basket,0.8,0.6,0.95
task_0,condition,random,alternative_ever_grasped,0.05,0.0,0.15
task_0,condition,random,target_min_eef_distance,0.045646626106463375,0.01503479698090814,0.08131641661049796
task_0,condition,random,target_max_displacement,0.4680060654878616,0.3827543581277132,0.5495820991694927
task_0,comparison,paired_minus_mismatch,success,-0.6,-0.8,-0.4
task_0,comparison,paired_minus_mismatch,target_ever_grasped,-0.4,-0.6,-0.2
task_0,comparison,paired_minus_mismatch,target_ever_in_basket,-0.6,-0.8,-0.4
task_0,comparison,paired_minus_mismatch,alternative_ever_grasped,-0.1,-0.25,0.0
task_0,comparison,paired_minus_mismatch,target_min_eef_distance,-0.05021597433369607,-0.08838353309314698,-0.01704945487319499
task_0,comparison,paired_minus_mismatch,target_max_displacement,-0.17569784447550774,-0.2853562841191888,-0.07215463772416121
task_0,comparison,paired_minus_random,success,-0.6,-0.8,-0.4
task_0,comparison,paired_minus_random,target_ever_grasped,-0.4,-0.6,-0.2
task_0,comparison,paired_minus_random,target_ever_in_basket,-0.6,-0.8,-0.4
task_0,comparison,paired_minus_random,alternative_ever_grasped,-0.1,-0.25,0.0
task_0,comparison,paired_minus_random,target_min_eef_distance,-0.052083055418916044,-0.0911962365283398,-0.018549553449265673
task_0,comparison,paired_minus_random,target_max_displacement,-0.17520147785544396,-0.28264028007164593,-0.07161162719130516
task_0,comparison,paired_minus_correct,success,-0.8,-0.95,-0.6
task_0,comparison,paired_minus_correct,target_ever_grasped,-0.55,-0.75,-0.35
task_0,comparison,paired_minus_correct,target_ever_in_basket,-0.8,-0.95,-0.6
task_0,comparison,paired_minus_correct,alternative_ever_grasped,-0.15,-0.3,0.0
task_0,comparison,paired_minus_correct,target_min_eef_distance,-0.08001110362820327,-0.12845451891771517,-0.03383018730906771
task_0,comparison,paired_minus_correct,target_max_displacement,-0.24600239619612693,-0.36034303046762944,-0.13104119239375006
task_0,comparison,correct_minus_mismatch,success,0.2,0.05,0.4
task_0,comparison,correct_minus_mismatch,target_ever_grasped,0.15,0.0,0.3
task_0,comparison,correct_minus_mismatch,target_ever_in_basket,0.2,0.05,0.4
task_0,comparison,correct_minus_mismatch,alternative_ever_grasped,0.05,0.0,0.15
task_0,comparison,correct_minus_mismatch,target_min_eef_distance,0.029795129294507207,0.00014256850816309454,0.06585660112148614
task_0,comparison,correct_minus_mismatch,target_max_displacement,0.0703045517206192,-0.011056167110800742,0.1560662558674812
task_1,condition,correct,success,1.0,1.0,1.0
task_1,condition,correct,target_ever_grasped,1.0,1.0,1.0
task_1,condition,correct,target_ever_in_basket,1.0,1.0,1.0
task_1,condition,correct,alternative_ever_grasped,0.0,0.0,0.0
task_1,condition,correct,target_min_eef_distance,0.02021847851574421,0.016223547043045985,0.02425960240419954
task_1,condition,correct,target_max_displacement,0.4074995115399361,0.4022781703993678,0.41270161751657725
task_1,condition,mismatch,success,0.0,0.0,0.0
task_1,condition,mismatch,target_ever_grasped,0.0,0.0,0.0
task_1,condition,mismatch,target_ever_in_basket,0.0,0.0,0.0
task_1,condition,mismatch,alternative_ever_grasped,0.95,0.85,1.0
task_1,condition,mismatch,target_min_eef_distance,0.20418424867093563,0.187005716226995,0.21529542261734605
task_1,condition,mismatch,target_max_displacement,0.0,0.0,0.0
task_1,condition,paired,success,0.0,0.0,0.0
task_1,condition,paired,target_ever_grasped,0.0,0.0,0.0
task_1,condition,paired,target_ever_in_basket,0.0,0.0,0.0
task_1,condition,paired,alternative_ever_grasped,0.95,0.85,1.0
task_1,condition,paired,target_min_eef_distance,0.2248620554804802,0.22177651518955827,0.22763778978958726
task_1,condition,paired,target_max_displacement,0.0,0.0,0.0
task_1,condition,random,success,0.0,0.0,0.0
task_1,condition,random,target_ever_grasped,0.0,0.0,0.0
task_1,condition,random,target_ever_in_basket,0.0,0.0,0.0
task_1,condition,random,alternative_ever_grasped,0.95,0.85,1.0
task_1,condition,random,target_min_eef_distance,0.21445315852761268,0.2099969111941755,0.2188130126334727
task_1,condition,random,target_max_displacement,0.0,0.0,0.0
task_1,comparison,paired_minus_mismatch,success,0.0,0.0,0.0
task_1,comparison,paired_minus_mismatch,target_ever_grasped,0.0,0.0,0.0
task_1,comparison,paired_minus_mismatch,target_ever_in_basket,0.0,0.0,0.0
task_1,comparison,paired_minus_mismatch,alternative_ever_grasped,0.0,-0.15,0.15
task_1,comparison,paired_minus_mismatch,target_min_eef_distance,-0.020677806809544563,-0.03739479593932629,-0.010082711335271608
task_1,comparison,paired_minus_mismatch,target_max_displacement,0.0,0.0,0.0
task_1,comparison,paired_minus_random,success,0.0,0.0,0.0
task_1,comparison,paired_minus_random,target_ever_grasped,0.0,0.0,0.0
task_1,comparison,paired_minus_random,target_ever_in_basket,0.0,0.0,0.0
task_1,comparison,paired_minus_random,alternative_ever_grasped,0.0,-0.15,0.15
task_1,comparison,paired_minus_random,target_min_eef_distance,-0.010408896952867508,-0.01484023893252015,-0.006176375225186348
task_1,comparison,paired_minus_random,target_max_displacement,0.0,0.0,0.0
task_1,comparison,paired_minus_correct,success,-1.0,-1.0,-1.0
task_1,comparison,paired_minus_correct,target_ever_grasped,-1.0,-1.0,-1.0
task_1,comparison,paired_minus_correct,target_ever_in_basket,-1.0,-1.0,-1.0
task_1,comparison,paired_minus_correct,alternative_ever_grasped,-0.95,-1.0,-0.85
task_1,comparison,paired_minus_correct,target_min_eef_distance,-0.20464357696473598,-0.21008816573477815,-0.1986630225746194
task_1,comparison,paired_minus_correct,target_max_displacement,-0.4074995115399361,-0.412674695327878,-0.4023460231348872
task_1,comparison,correct_minus_mismatch,success,1.0,1.0,1.0
task_1,comparison,correct_minus_mismatch,target_ever_grasped,1.0,1.0,1.0
task_1,comparison,correct_minus_mismatch,target_ever_in_basket,1.0,1.0,1.0
task_1,comparison,correct_minus_mismatch,alternative_ever_grasped,0.95,0.85,1.0
task_1,comparison,correct_minus_mismatch,target_min_eef_distance,0.18396577015519142,0.16726097538950854,0.19464413113077172
task_1,comparison,correct_minus_mismatch,target_max_displacement,0.4074995115399361,0.40236332260072233,0.4127363643795252
