protocol,readout,family,factor,layer,metric,validation,test
actual,prompt_end,regression,object_a_xyz,3,mean_r2,0.9562812447547913,0.9608647227287292
actual,prompt_end,regression,object_b_xyz,6,mean_r2,0.9412310123443604,0.9529364705085754
actual,prompt_end,regression,target_xyz,3,mean_r2,0.9483652710914612,0.9667204022407532
actual,prompt_end,regression,alternative_xyz,0,mean_r2,0.9916194081306458,0.9888210892677307
actual,prompt_end,regression,eef_xyz,1,mean_r2,0.9771172404289246,0.9728312492370605
actual,prompt_end,regression,robot_joint_pos,6,mean_r2,0.9668390154838562,0.9632653594017029
actual,prompt_end,regression,gripper_width,13,mean_r2,0.8563100695610046,0.8863601684570312
actual,prompt_end,regression,target_to_eef_xyz,3,mean_r2,0.8999783396720886,0.9059191346168518
actual,prompt_end,regression,alternative_to_eef_xyz,5,mean_r2,0.9625714421272278,0.9712532162666321
actual,prompt_end,regression,target_to_basket_xyz,3,mean_r2,0.9552209973335266,0.9597694873809814
actual,prompt_end,regression,eef_target_distance,2,mean_r2,0.937551736831665,0.882847011089325
actual,prompt_end,regression,eef_alternative_distance,11,mean_r2,0.9554998278617859,0.8539209365844727
actual,prompt_end,regression,target_basket_distance,5,mean_r2,0.9698199033737183,0.9734307527542114
actual,prompt_end,regression,target_displacement_xyz,5,mean_r2,0.9213805198669434,0.9494073390960693
actual,prompt_end,regression,target_speed_per_action_step,6,mean_r2,0.8659582138061523,0.8320326805114746
actual,prompt_end,regression,normalized_action_progress,11,mean_r2,0.7862555980682373,0.7904178500175476
actual,prompt_end,regression,raw_action,2,mean_r2,0.5006119608879089,0.3138999044895172
actual,prompt_end,binary,target_grasped,18,auc,0.9986323411102173,0.9923172605546207
actual,prompt_end,binary,target_moved,4,auc,0.9997464503042597,0.9997335160651744
actual,prompt_end,binary,target_lifted,10,auc,1.0,0.9998896247240618
actual,prompt_end,binary,near_target,12,auc,0.9998198198198198,0.9894454818543477
actual,prompt_end,binary,near_basket,1,auc,0.9972826086956522,0.9972545219638242
actual,prompt_end,phase,phase_coarse,19,macro_f1,0.976263370194153,0.9308212777579589
actual,action_boundary,regression,object_a_xyz,3,mean_r2,0.9539785385131836,0.9636467099189758
actual,action_boundary,regression,object_b_xyz,3,mean_r2,0.9438097476959229,0.946526050567627
actual,action_boundary,regression,target_xyz,4,mean_r2,0.9475309252738953,0.9703595042228699
actual,action_boundary,regression,alternative_xyz,0,mean_r2,0.9903590679168701,0.9855949878692627
actual,action_boundary,regression,eef_xyz,3,mean_r2,0.9752864241600037,0.9684259295463562
actual,action_boundary,regression,robot_joint_pos,5,mean_r2,0.9673925638198853,0.9599693417549133
actual,action_boundary,regression,gripper_width,13,mean_r2,0.8541402220726013,0.8671826124191284
actual,action_boundary,regression,target_to_eef_xyz,13,mean_r2,0.8992144465446472,0.8652516007423401
actual,action_boundary,regression,alternative_to_eef_xyz,4,mean_r2,0.9558768272399902,0.9631136059761047
actual,action_boundary,regression,target_to_basket_xyz,3,mean_r2,0.9497048258781433,0.9627153277397156
actual,action_boundary,regression,eef_target_distance,1,mean_r2,0.9466468095779419,0.8741037845611572
actual,action_boundary,regression,eef_alternative_distance,11,mean_r2,0.9560130834579468,0.8767382502555847
actual,action_boundary,regression,target_basket_distance,4,mean_r2,0.9722945690155029,0.9768365025520325
actual,action_boundary,regression,target_displacement_xyz,3,mean_r2,0.9193205237388611,0.9553187489509583
actual,action_boundary,regression,target_speed_per_action_step,16,mean_r2,0.8629945516586304,0.710692822933197
actual,action_boundary,regression,normalized_action_progress,4,mean_r2,0.7954121828079224,0.7575826048851013
actual,action_boundary,regression,raw_action,9,mean_r2,0.4912795424461365,0.3157028555870056
actual,action_boundary,binary,target_grasped,12,auc,0.9974255832662913,0.9704031608985146
actual,action_boundary,binary,target_moved,4,auc,0.9997464503042597,0.9990102025277905
actual,action_boundary,binary,target_lifted,10,auc,1.0,0.9998528329654157
actual,action_boundary,binary,near_target,12,auc,0.9998198198198198,0.9893642932532273
actual,action_boundary,binary,near_basket,2,auc,0.9975845410628019,0.9948320413436692
actual,action_boundary,phase,phase_coarse,14,macro_f1,0.9737882081703465,0.9021211065364557
actual,visual_mean,regression,object_a_xyz,5,mean_r2,0.9541694521903992,0.9583757519721985
actual,visual_mean,regression,object_b_xyz,0,mean_r2,0.9570493698120117,0.9615471959114075
actual,visual_mean,regression,target_xyz,1,mean_r2,0.9602740406990051,0.9668178558349609
actual,visual_mean,regression,alternative_xyz,6,mean_r2,0.9787171483039856,0.9692020416259766
actual,visual_mean,regression,eef_xyz,5,mean_r2,0.9807993769645691,0.9764544367790222
actual,visual_mean,regression,robot_joint_pos,5,mean_r2,0.9724302291870117,0.9634861946105957
actual,visual_mean,regression,gripper_width,13,mean_r2,0.839784562587738,0.9012120962142944
actual,visual_mean,regression,target_to_eef_xyz,9,mean_r2,0.9370129108428955,0.9125834107398987
actual,visual_mean,regression,alternative_to_eef_xyz,5,mean_r2,0.9692316651344299,0.9719481468200684
actual,visual_mean,regression,target_to_basket_xyz,7,mean_r2,0.9590134620666504,0.9653943181037903
actual,visual_mean,regression,eef_target_distance,10,mean_r2,0.9613024592399597,0.9531168937683105
actual,visual_mean,regression,eef_alternative_distance,5,mean_r2,0.9691082239151001,0.9674386382102966
actual,visual_mean,regression,target_basket_distance,0,mean_r2,0.9802463054656982,0.984893798828125
actual,visual_mean,regression,target_displacement_xyz,0,mean_r2,0.9366326332092285,0.9468092322349548
actual,visual_mean,regression,target_speed_per_action_step,15,mean_r2,0.9074475169181824,0.8323683738708496
actual,visual_mean,regression,normalized_action_progress,10,mean_r2,0.7920122146606445,0.7711641788482666
actual,visual_mean,regression,raw_action,13,mean_r2,0.4912971556186676,0.2591112554073334
actual,visual_mean,binary,target_grasped,12,auc,0.9968624296057924,0.988914904514524
actual,visual_mean,binary,target_moved,6,auc,0.9990703177822853,0.9996193086645347
actual,visual_mean,binary,target_lifted,11,auc,0.9999188443434507,0.9999264164827079
actual,visual_mean,binary,near_target,0,auc,0.9998198198198198,0.9900949906633109
actual,visual_mean,binary,near_basket,14,auc,0.9972826086956522,0.997093023255814
actual,visual_mean,phase,phase_coarse,12,macro_f1,0.9726041570930061,0.9275903723465388
paired,prompt_end,regression,object_a_xyz,3,mean_r2,0.9327159523963928,0.9505184292793274
paired,prompt_end,regression,object_b_xyz,3,mean_r2,0.9337698817253113,0.9523579478263855
paired,prompt_end,regression,target_xyz,10,mean_r2,0.8671319484710693,0.8948395848274231
paired,prompt_end,regression,alternative_xyz,11,mean_r2,0.8720902800559998,0.9042860865592957
paired,prompt_end,regression,eef_xyz,2,mean_r2,0.9776053428649902,0.9714915156364441
paired,prompt_end,regression,robot_joint_pos,6,mean_r2,0.9661138653755188,0.9591416120529175
paired,prompt_end,regression,gripper_width,13,mean_r2,0.8702705502510071,0.9032613635063171
paired,prompt_end,regression,target_to_eef_xyz,10,mean_r2,0.8974248766899109,0.8985415101051331
paired,prompt_end,regression,alternative_to_eef_xyz,11,mean_r2,0.8940401077270508,0.9057143330574036
paired,prompt_end,regression,target_to_basket_xyz,10,mean_r2,0.8696234822273254,0.9077884554862976
paired,prompt_end,regression,eef_target_distance,10,mean_r2,0.8389455080032349,0.8639935255050659
paired,prompt_end,regression,eef_alternative_distance,12,mean_r2,0.8214555382728577,0.8633231520652771
paired,prompt_end,regression,target_basket_distance,14,mean_r2,0.9033451676368713,0.92060387134552
paired,prompt_end,regression,target_displacement_xyz,10,mean_r2,0.7986752986907959,0.879849910736084
paired,prompt_end,regression,target_speed_per_action_step,12,mean_r2,0.8010704517364502,0.6310926675796509
paired,prompt_end,regression,normalized_action_progress,2,mean_r2,0.7622586488723755,0.7089641094207764
paired,prompt_end,binary,target_grasped,3,auc,0.9974296536796536,0.9447835041189472
paired,prompt_end,binary,target_moved,26,auc,0.9944289693593314,0.9942967409948542
paired,prompt_end,binary,target_lifted,3,auc,0.9981058975462763,0.9839556252510984
paired,prompt_end,binary,near_target,3,auc,0.9974605477961183,0.9713509380940574
paired,prompt_end,binary,near_basket,10,auc,0.9940406976744186,0.9957921629034076
paired,prompt_end,phase,phase_coarse,26,macro_f1,0.9470443349753696,0.8660833760304167
paired,action_boundary,regression,object_a_xyz,3,mean_r2,0.9355888366699219,0.9577617645263672
paired,action_boundary,regression,object_b_xyz,3,mean_r2,0.9342129826545715,0.953289270401001
paired,action_boundary,regression,target_xyz,12,mean_r2,0.8451655507087708,0.858243465423584
paired,action_boundary,regression,alternative_xyz,12,mean_r2,0.8493876457214355,0.8742311000823975
paired,action_boundary,regression,eef_xyz,4,mean_r2,0.9734072685241699,0.9759253859519958
paired,action_boundary,regression,robot_joint_pos,5,mean_r2,0.967345118522644,0.9608503580093384
paired,action_boundary,regression,gripper_width,12,mean_r2,0.8511236906051636,0.8595337271690369
paired,action_boundary,regression,target_to_eef_xyz,11,mean_r2,0.8678326606750488,0.8664836883544922
paired,action_boundary,regression,alternative_to_eef_xyz,11,mean_r2,0.8648386001586914,0.8760092258453369
paired,action_boundary,regression,target_to_basket_xyz,9,mean_r2,0.8556833863258362,0.8728986382484436
paired,action_boundary,regression,eef_target_distance,12,mean_r2,0.7953037023544312,0.8059650659561157
paired,action_boundary,regression,eef_alternative_distance,12,mean_r2,0.7826654314994812,0.8355342149734497
paired,action_boundary,regression,target_basket_distance,14,mean_r2,0.8862457871437073,0.8879629969596863
paired,action_boundary,regression,target_displacement_xyz,11,mean_r2,0.7717022895812988,0.8471853733062744
paired,action_boundary,regression,target_speed_per_action_step,12,mean_r2,0.7608209848403931,0.7110893130302429
paired,action_boundary,regression,normalized_action_progress,10,mean_r2,0.7772677540779114,0.7599774599075317
paired,action_boundary,binary,target_grasped,14,auc,0.991504329004329,0.974043098251959
paired,action_boundary,binary,target_moved,16,auc,0.9902346876700925,0.9883218982275586
paired,action_boundary,binary,target_lifted,14,auc,0.9967570670110489,0.9931312450590324
paired,action_boundary,binary,near_target,14,auc,0.9950344639941955,0.9876539383420118
paired,action_boundary,binary,near_basket,26,auc,0.9960755813953488,0.9876394785287598
paired,action_boundary,phase,phase_coarse,17,macro_f1,0.9361310428713377,0.8801666555011476
paired,visual_mean,regression,object_a_xyz,9,mean_r2,0.9510641694068909,0.9675237536430359
paired,visual_mean,regression,object_b_xyz,2,mean_r2,0.9555781483650208,0.9581425786018372
paired,visual_mean,regression,target_xyz,15,mean_r2,0.28191035985946655,0.29673123359680176
paired,visual_mean,regression,alternative_xyz,3,mean_r2,0.2941085398197174,0.30072513222694397
paired,visual_mean,regression,eef_xyz,4,mean_r2,0.9782736897468567,0.9776089787483215
paired,visual_mean,regression,robot_joint_pos,9,mean_r2,0.9733280539512634,0.9643892645835876
paired,visual_mean,regression,gripper_width,21,mean_r2,0.8456215262413025,0.8845667839050293
paired,visual_mean,regression,target_to_eef_xyz,0,mean_r2,0.4656991958618164,0.4321173429489136
paired,visual_mean,regression,alternative_to_eef_xyz,0,mean_r2,0.4580376446247101,0.44338735938072205
paired,visual_mean,regression,target_to_basket_xyz,12,mean_r2,0.2913992702960968,0.2835472524166107
paired,visual_mean,regression,eef_target_distance,3,mean_r2,0.1932694911956787,0.1283661127090454
paired,visual_mean,regression,eef_alternative_distance,10,mean_r2,0.1927470564842224,0.13156616687774658
paired,visual_mean,regression,target_basket_distance,4,mean_r2,0.26915842294692993,0.3404735326766968
paired,visual_mean,regression,target_displacement_xyz,4,mean_r2,0.3517031967639923,0.3332116901874542
paired,visual_mean,regression,target_speed_per_action_step,17,mean_r2,0.28590255975723267,0.1909053921699524
paired,visual_mean,regression,normalized_action_progress,5,mean_r2,0.792899489402771,0.7454901933670044
paired,visual_mean,binary,target_grasped,19,auc,0.8343614718614718,0.8387582881253768
paired,visual_mean,binary,target_moved,3,auc,0.8787660487305093,0.8751858204688394
paired,visual_mean,binary,target_lifted,20,auc,0.8536231884057971,0.8513951348479154
paired,visual_mean,binary,near_target,13,auc,0.7516325049882097,0.7453095297131995
paired,visual_mean,binary,near_basket,28,auc,0.979360465116279,0.958654243528572
paired,visual_mean,phase,phase_coarse,21,macro_f1,0.6525446963046743,0.6113430025685841
